,Q1,Q2a,Q2b,Q2d,Q11,Q24,ISCED,Q104_euro,Q88,autonomy,interaction,intensity,meaningful
17168,2,F,36,Full-time,long term,35,Tertiary education,1600.0,2,8,3,8,8
17170,1,F,25,Full-time,short term,40,Tertiary education,200.0,2,12,5,14,10
17174,2,F,53,Full-time,long term,10,Tertiary education,5000.0,2,11,3,8,8
17175,2,M,29,Full-time,long term,48,Tertiary education,5000.0,2,10,4,6,6
17176,3,M,44,Full-time,long term,35,Upper secondary or post-secondary education,1200.0,4,7,5,14,9
17177,4,M,29,Full-time,short term,35,Upper secondary or post-secondary education,1100.0,2,5,4,12,10
17180,2,M,49,Full-time,long term,35,Primary or lower secondary education,1300.0,2,6,5,8,10
17183,3,F,27,Part-time,short term,25,Upper secondary or post-secondary education,2200.0,1,15,5,12,10
17184,3,F,51,Full-time,long term,35,Tertiary education,2400.0,2,9,4,9,8
17185,1,F,55,Full-time,long term,40,Upper secondary or post-secondary education,1250.0,2,9,4,9,9
17186,1,M,23,Full-time,short term,35,Tertiary education,1000.0,1,12,4,13,9
17187,2,F,34,Full-time,long term,38,Tertiary education,1400.0,1,6,5,4,5
17188,3,F,51,Part-time,long term,24,Upper secondary or post-secondary education,1700.0,2,9,4,6,9
17190,3,M,51,Full-time,long term,38,Upper secondary or post-secondary education,2000.0,3,7,4,12,8
17191,4,F,31,Full-time,long term,37,Tertiary education,2090.0,2,10,3,13,9
17192,5,M,38,Full-time,long term,35,Tertiary education,2000.0,2,9,5,11,8
17193,3,M,49,Full-time,long term,35,Upper secondary or post-secondary education,1770.0,3,3,3,7,2
17194,2,F,53,Full-time,long term,36,Upper secondary or post-secondary education,1700.0,3,9,3,4,8
17195,3,M,25,Full-time,long term,35,Upper secondary or post-secondary education,1300.0,2,7,4,12,9
17196,5,M,52,Full-time,long term,38,Upper secondary or post-secondary education,1700.0,2,9,4,12,8
17197,3,F,29,Full-time,long term,35,Upper secondary or post-secondary education,1200.0,2,7,3,4,8
17198,4,M,42,Full-time,long term,37,Tertiary education,2200.0,2,7,3,13,7
17199,5,F,37,Full-time,long term,38,Tertiary education,1400.0,4,8,5,3,9
17200,2,M,41,Full-time,long term,35,Upper secondary or post-secondary education,2200.0,2,14,3,10,9
17201,3,M,25,Part-time,short term,25,Upper secondary or post-secondary education,1100.0,2,10,5,12,10
17202,4,F,32,Full-time,long term,42,Tertiary education,1400.0,1,9,4,2,10
17203,2,M,36,Full-time,short term,35,Upper secondary or post-secondary education,1200.0,2,7,3,10,9
17204,3,M,44,Full-time,long term,35,Upper secondary or post-secondary education,1350.0,2,11,5,5,8
17205,4,F,45,Full-time,long term,35,Upper secondary or post-secondary education,1300.0,1,7,5,11,10
17206,3,F,43,Full-time,long term,55,Upper secondary or post-secondary education,1500.0,2,10,5,9,9
17207,3,F,27,Full-time,short term,40,Upper secondary or post-secondary education,1100.0,3,3,2,2,3
17209,3,F,24,Part-time,short term,20,Upper secondary or post-secondary education,790.0,1,7,3,14,10
17211,1,M,43,Full-time,long term,39,Upper secondary or post-secondary education,1500.0,2,9,5,14,8
17212,1,M,46,Part-time,short term,40,Upper secondary or post-secondary education,900.0,2,4,1,14,10
17214,3,M,54,Full-time,long term,48,Upper secondary or post-secondary education,2000.0,2,11,4,8,10
17215,2,F,55,Part-time,long term,13,Primary or lower secondary education,416.0,2,6,4,14,10
17216,3,M,19,Full-time,short term,35,Upper secondary or post-secondary education,1226.0,1,12,5,8,10
17217,2,F,24,Full-time,short term,39,Tertiary education,1583.0,3,10,5,4,8
17218,2,F,26,Full-time,long term,40,Tertiary education,1450.0,2,14,5,13,10
17219,4,M,34,Full-time,long term,35,Upper secondary or post-secondary education,1480.0,2,6,5,14,8
17220,2,M,20,Full-time,short term,40,Upper secondary or post-secondary education,1046.0,2,7,4,13,8
17221,4,F,34,Part-time,long term,28,Tertiary education,1170.0,3,14,4,14,9
17222,3,M,28,Full-time,short term,35,Upper secondary or post-secondary education,1750.0,1,8,5,14,9
17223,1,F,55,Full-time,long term,35,Tertiary education,1800.0,2,7,4,11,8
17224,1,M,41,Full-time,short term,45,Upper secondary or post-secondary education,1800.0,1,14,2,14,10
17225,1,F,27,Part-time,long term,33,Upper secondary or post-secondary education,1200.0,2,10,4,13,8
17227,1,M,28,Full-time,short term,35,Upper secondary or post-secondary education,1253.0,2,13,5,10,10
17228,2,F,59,Full-time,long term,38,Upper secondary or post-secondary education,2000.0,2,10,4,10,8
17229,3,F,25,Full-time,long term,35,Tertiary education,1500.0,3,11,3,12,5
17230,2,M,53,Full-time,long term,37,Tertiary education,2000.0,1,11,5,12,9
17231,5,F,45,Full-time,long term,35,Upper secondary or post-secondary education,1300.0,1,7,4,11,9
17232,2,F,60,Full-time,short term,35,Upper secondary or post-secondary education,1100.0,2,8,5,8,10
17233,2,M,59,Full-time,long term,35,Upper secondary or post-secondary education,1678.0,2,11,4,14,8
17235,4,F,47,Part-time,long term,32,Upper secondary or post-secondary education,1000.0,1,10,5,14,10
17237,2,M,47,Full-time,long term,39,Tertiary education,2000.0,3,12,5,10,9
17238,1,M,41,Full-time,long term,45,Tertiary education,1650.0,2,12,5,14,7
17239,2,M,21,Full-time,long term,39,Upper secondary or post-secondary education,1400.0,2,9,5,11,9
17240,4,F,45,Full-time,short term,35,Tertiary education,1200.0,2,8,4,4,10
17241,3,F,44,Full-time,long term,35,Tertiary education,2300.0,1,13,4,14,9
17244,1,M,57,Full-time,long term,35,Upper secondary or post-secondary education,1420.0,2,9,4,12,10
17245,3,M,57,Full-time,long term,35,Primary or lower secondary education,1600.0,2,8,5,12,10
17246,1,M,55,Full-time,long term,40,Primary or lower secondary education,1700.0,3,7,2,10,6
17247,2,F,54,Part-time,long term,26,Upper secondary or post-secondary education,950.0,3,4,4,8,10
17248,4,M,38,Full-time,long term,45,Upper secondary or post-secondary education,1800.0,2,7,4,7,10
17249,4,M,47,Full-time,long term,50,Upper secondary or post-secondary education,2200.0,2,9,4,5,9
17250,5,M,43,Full-time,long term,35,Upper secondary or post-secondary education,1650.0,2,6,4,6,10
17252,2,F,33,Full-time,long term,35,Tertiary education,1400.0,2,8,5,8,10
17253,1,F,52,Full-time,long term,35,Upper secondary or post-secondary education,1600.0,2,12,5,11,10
17257,2,F,53,Part-time,long term,23,Primary or lower secondary education,920.0,1,13,4,14,8
17259,1,F,46,Full-time,long term,45,Tertiary education,1980.0,3,6,4,10,9
17260,2,F,40,Full-time,long term,35,Upper secondary or post-secondary education,1540.0,3,8,4,4,10
17261,4,F,38,Full-time,long term,35,Upper secondary or post-secondary education,1300.0,3,3,4,5,7
17262,3,M,32,Full-time,short term,35,Upper secondary or post-secondary education,1890.0,2,5,4,4,9
17263,2,M,62,Full-time,long term,40,Tertiary education,2400.0,3,9,4,8,9
17265,3,M,37,Full-time,long term,35,Upper secondary or post-secondary education,2200.0,1,13,3,6,10
17266,3,M,44,Full-time,long term,35,Upper secondary or post-secondary education,3000.0,2,12,4,6,9
17267,2,F,59,Part-time,long term,28,Upper secondary or post-secondary education,1200.0,2,6,4,12,8
17269,2,F,32,Full-time,long term,35,Tertiary education,1200.0,2,8,5,2,7
17272,4,F,44,Full-time,long term,35,Tertiary education,1550.0,2,8,4,10,9
17275,2,F,28,Full-time,long term,40,Tertiary education,1680.0,2,12,4,12,8
17276,3,M,50,Full-time,long term,40,Tertiary education,2100.0,3,6,3,5,8
17278,4,F,53,Part-time,short term,20,Upper secondary or post-secondary education,598.0,2,10,5,14,8
17280,2,F,48,Full-time,long term,40,Upper secondary or post-secondary education,1500.0,2,9,4,4,10
17282,5,M,36,Full-time,long term,35,Tertiary education,2700.0,1,13,5,14,10
17283,3,F,29,Full-time,long term,38,Tertiary education,2500.0,2,12,5,8,8
17284,2,M,57,Full-time,long term,35,Upper secondary or post-secondary education,2000.0,2,9,4,14,8
17285,1,F,54,Full-time,long term,50,Tertiary education,3000.0,2,13,4,7,7
17286,4,F,50,Full-time,long term,35,Upper secondary or post-secondary education,1500.0,3,11,3,12,7
17287,4,M,37,Full-time,short term,35,Upper secondary or post-secondary education,1200.0,1,15,5,14,10
17288,2,F,41,Full-time,long term,35,Tertiary education,1700.0,3,11,4,12,6
17290,4,F,43,Full-time,long term,40,Upper secondary or post-secondary education,1000.0,2,9,3,8,9
17291,3,F,46,Full-time,long term,35,Upper secondary or post-secondary education,1680.0,1,13,5,12,10
17293,3,M,29,Full-time,long term,39,Upper secondary or post-secondary education,1700.0,3,6,5,2,10
17295,3,M,48,Full-time,long term,50,Tertiary education,5000.0,2,12,4,11,8
17296,4,M,52,Full-time,long term,38,Tertiary education,3400.0,1,10,5,14,10
17297,3,F,36,Full-time,long term,40,Tertiary education,2300.0,2,11,4,9,8
17301,2,F,52,Full-time,long term,35,Upper secondary or post-secondary education,1250.0,2,11,2,4,10
17303,3,F,42,Full-time,long term,35,Tertiary education,1750.0,3,12,4,4,10
17306,2,M,44,Full-time,long term,30,Tertiary education,2200.0,2,11,5,13,10
17307,3,M,40,Full-time,long term,40,Upper secondary or post-secondary education,2200.0,2,11,4,8,8
17308,4,F,49,Part-time,long term,26,Tertiary education,973.0,2,13,3,7,9
17309,5,M,34,Full-time,long term,39,Upper secondary or post-secondary education,1612.0,2,14,4,14,7
17311,2,M,52,Full-time,long term,35,Upper secondary or post-secondary education,1250.0,4,7,4,10,8
17312,3,M,42,Full-time,long term,38,Tertiary education,1800.0,2,7,5,6,9
17313,1,M,51,Part-time,long term,32,Upper secondary or post-secondary education,1200.0,2,11,4,2,10
17314,2,F,33,Part-time,long term,54,Primary or lower secondary education,700.0,4,7,1,8,5
17315,2,M,54,Full-time,long term,35,Primary or lower secondary education,1500.0,1,10,4,5,10
17320,4,M,33,Part-time,short term,40,Upper secondary or post-secondary education,1500.0,1,7,5,2,8
17321,4,F,31,Full-time,short term,35,Upper secondary or post-secondary education,800.0,2,15,5,14,10
17322,4,M,34,Full-time,long term,36,Tertiary education,2000.0,2,11,2,10,7
17324,1,M,33,Full-time,long term,30,Tertiary education,2000.0,2,12,3,13,9
17325,2,M,54,Full-time,long term,33,Upper secondary or post-secondary education,2200.0,2,3,3,14,8
17326,5,F,38,Full-time,long term,35,Tertiary education,1100.0,4,3,3,5,7
17328,1,F,26,Part-time,long term,26,Upper secondary or post-secondary education,1100.0,3,8,3,7,9
17329,4,M,48,Full-time,long term,24,Tertiary education,2200.0,2,11,5,14,8
17330,2,F,51,Full-time,short term,33,Tertiary education,1100.0,2,3,5,13,10
17331,2,M,49,Full-time,long term,37,Tertiary education,1600.0,2,8,4,13,9
17332,1,F,45,Full-time,long term,35,Tertiary education,1345.0,3,14,4,5,9
17333,2,F,33,Part-time,short term,25,Upper secondary or post-secondary education,780.0,2,5,3,8,8
17334,4,F,21,Part-time,short term,20,Upper secondary or post-secondary education,350.0,3,3,2,5,10
17335,4,F,52,Part-time,long term,40,Tertiary education,2600.0,1,14,4,14,9
17336,2,F,52,Full-time,long term,42,Tertiary education,4125.0,1,14,3,10,10
17337,4,F,41,Full-time,long term,35,Tertiary education,2500.0,2,15,5,14,10
17338,5,F,36,Full-time,long term,38,Upper secondary or post-secondary education,1200.0,3,8,4,14,10
17340,5,M,44,Full-time,long term,40,Tertiary education,2000.0,3,13,2,2,8
17341,3,F,56,Full-time,long term,35,Upper secondary or post-secondary education,1500.0,2,15,5,4,10
17342,3,F,54,Full-time,long term,50,Tertiary education,2900.0,1,12,5,5,9
17343,5,M,50,Full-time,long term,45,Tertiary education,4500.0,2,13,4,13,8
17344,3,F,52,Full-time,long term,35,Upper secondary or post-secondary education,2000.0,2,4,5,6,10
17346,4,M,43,Full-time,long term,42,Upper secondary or post-secondary education,2000.0,2,12,1,2,9
17347,2,M,27,Full-time,long term,35,Upper secondary or post-secondary education,1500.0,1,8,5,12,10
17348,3,M,32,Full-time,long term,39,Upper secondary or post-secondary education,1600.0,1,11,3,5,9
17349,4,M,42,Full-time,long term,39,Upper secondary or post-secondary education,2200.0,2,13,4,8,8
17350,2,M,23,Full-time,long term,39,Tertiary education,1600.0,1,10,5,9,8
17351,4,F,44,Full-time,long term,30,Upper secondary or post-secondary education,1000.0,2,9,1,14,7
17352,4,M,38,Full-time,long term,37,Primary or lower secondary education,1400.0,1,6,5,11,10
17353,1,M,42,Part-time,short term,18,Upper secondary or post-secondary education,1800.0,2,9,4,4,9
17354,3,M,40,Part-time,short term,30,Upper secondary or post-secondary education,1000.0,2,5,4,14,9
17356,4,M,30,Full-time,short term,18,Tertiary education,1150.0,1,15,4,11,9
17358,3,F,42,Full-time,long term,35,Upper secondary or post-secondary education,1400.0,3,7,3,9,8
17359,2,M,61,Full-time,short term,40,Upper secondary or post-secondary education,1200.0,3,4,3,6,9
17361,1,F,56,Full-time,long term,25,Upper secondary or post-secondary education,1039.0,2,9,4,13,8
17363,4,F,36,Full-time,long term,42,Tertiary education,2000.0,2,10,4,14,9
17364,5,M,31,Full-time,short term,44,Upper secondary or post-secondary education,1300.0,2,5,4,5,7
17366,2,F,62,Full-time,long term,35,Primary or lower secondary education,1300.0,2,10,3,13,9
17367,5,F,44,Part-time,long term,26,Tertiary education,1100.0,1,9,5,14,8
17368,2,M,60,Full-time,long term,35,Upper secondary or post-secondary education,1700.0,2,13,4,8,10
17370,1,F,26,Full-time,long term,35,Tertiary education,1500.0,3,9,3,5,9
17371,1,F,59,Full-time,long term,42,Upper secondary or post-secondary education,1353.0,2,13,5,14,9
17372,1,F,42,Full-time,long term,35,Upper secondary or post-secondary education,1300.0,2,9,1,9,10
17374,1,M,44,Full-time,long term,35,Upper secondary or post-secondary education,1130.0,3,5,4,14,9
17375,2,F,45,Full-time,long term,35,Tertiary education,2100.0,3,9,4,8,9
17376,1,M,41,Full-time,long term,47,Upper secondary or post-secondary education,1480.0,2,10,3,10,8
17377,4,F,46,Full-time,long term,35,Upper secondary or post-secondary education,1550.0,2,11,4,10,8
17378,1,M,39,Full-time,long term,40,Upper secondary or post-secondary education,1250.0,2,6,4,9,8
17379,3,F,23,Part-time,short term,40,Upper secondary or post-secondary education,900.0,2,5,5,7,10
17380,2,F,58,Full-time,long term,35,Tertiary education,1900.0,2,9,4,13,9
17381,1,F,61,Full-time,long term,37,Tertiary education,1500.0,2,12,5,14,9
17382,3,F,55,Part-time,long term,30,Upper secondary or post-secondary education,910.0,3,12,1,12,9
17383,1,F,35,Full-time,short term,35,Upper secondary or post-secondary education,1100.0,2,3,1,7,10
17384,2,F,50,Full-time,long term,37,Upper secondary or post-secondary education,1200.0,4,3,3,2,10
17385,3,M,45,Full-time,short term,38,Upper secondary or post-secondary education,1550.0,2,9,3,7,10
17386,2,F,45,Full-time,short term,35,Upper secondary or post-secondary education,1400.0,1,7,3,2,8
17387,1,F,57,Full-time,long term,35,Primary or lower secondary education,1300.0,2,5,1,11,10
17388,1,F,18,Part-time,short term,35,Upper secondary or post-secondary education,590.0,2,9,4,8,10
17390,1,F,52,Full-time,short term,55,Tertiary education,1500.0,3,8,4,13,7
17391,3,M,30,Full-time,long term,60,Tertiary education,4730.0,2,11,4,4,10
17392,1,M,34,Part-time,short term,20,Upper secondary or post-secondary education,700.0,2,3,4,2,10
17393,1,F,59,Part-time,long term,28,Upper secondary or post-secondary education,840.0,3,8,1,2,8
17394,4,F,47,Part-time,long term,32,Tertiary education,1600.0,2,12,4,9,9
17395,6,F,39,Part-time,long term,28,Tertiary education,1870.0,3,11,4,14,8
17396,2,F,56,Part-time,long term,30,Upper secondary or post-secondary education,500.0,2,4,1,8,10
17397,4,M,48,Full-time,long term,36,Upper secondary or post-secondary education,1800.0,4,13,4,11,6
17398,2,F,57,Full-time,long term,39,Upper secondary or post-secondary education,1408.0,1,10,4,9,10
17399,4,F,44,Full-time,long term,36,Tertiary education,2100.0,2,7,4,8,8
17400,5,M,41,Full-time,long term,45,Upper secondary or post-secondary education,2200.0,2,10,5,11,8
17403,2,M,56,Full-time,long term,36,Upper secondary or post-secondary education,1550.0,2,7,4,5,8
17405,1,M,39,Full-time,long term,35,Upper secondary or post-secondary education,1650.0,2,9,4,12,8
17406,3,M,21,Part-time,short term,35,Upper secondary or post-secondary education,1100.0,2,7,5,6,10
17407,6,F,47,Part-time,short term,20,Upper secondary or post-secondary education,660.0,3,8,5,10,7
17409,5,M,53,Full-time,long term,35,Upper secondary or post-secondary education,1200.0,2,9,4,10,8
17412,7,M,21,Full-time,long term,39,Upper secondary or post-secondary education,1550.0,2,12,5,4,10
17414,2,M,36,Full-time,short term,60,Upper secondary or post-secondary education,2500.0,2,6,5,4,10
17416,1,F,58,Full-time,long term,36,Upper secondary or post-secondary education,2200.0,2,13,4,10,8
17417,1,F,50,Part-time,long term,36,Tertiary education,2200.0,2,13,5,14,10
17418,2,M,18,Full-time,short term,35,Upper secondary or post-secondary education,1156.0,2,10,4,11,8
17421,4,F,34,Full-time,long term,35,Upper secondary or post-secondary education,1300.0,2,13,3,11,10
17423,2,M,42,Full-time,long term,60,Upper secondary or post-secondary education,1700.0,2,15,5,4,9
17424,2,F,59,Part-time,long term,28,Upper secondary or post-secondary education,1200.0,2,15,5,9,9
17426,4,M,42,Full-time,long term,39,Upper secondary or post-secondary education,1400.0,2,8,4,13,9
17428,3,F,59,Full-time,long term,35,Upper secondary or post-secondary education,1500.0,2,7,4,6,9
17429,4,F,33,Full-time,long term,35,Upper secondary or post-secondary education,1500.0,1,14,5,4,10
17430,4,M,42,Part-time,long term,17,Upper secondary or post-secondary education,780.0,2,4,3,7,7
17431,3,F,40,Full-time,long term,39,Primary or lower secondary education,1119.0,4,4,1,4,9
17432,2,F,38,Full-time,long term,38,Tertiary education,1220.0,1,11,4,8,8
17433,6,M,54,Full-time,long term,35,Upper secondary or post-secondary education,1900.0,2,14,5,11,9
17434,2,F,59,Part-time,long term,37,Primary or lower secondary education,1100.0,1,12,5,14,9
17435,2,F,35,Full-time,long term,35,Upper secondary or post-secondary education,1400.0,2,10,4,3,8
17437,3,M,52,Full-time,long term,42,Tertiary education,2900.0,2,9,5,11,10
17440,2,F,29,Full-time,long term,39,Upper secondary or post-secondary education,1200.0,3,12,5,8,10
17441,3,F,24,Full-time,short term,40,Tertiary education,1558.0,2,10,5,7,9
17442,4,F,39,Part-time,short term,35,Upper secondary or post-secondary education,900.0,3,4,5,2,6
17447,3,F,53,Full-time,long term,35,Primary or lower secondary education,1115.0,3,7,2,4,7
17448,2,F,26,Full-time,long term,35,Upper secondary or post-secondary education,1150.0,1,5,4,2,9
17449,4,M,42,Full-time,long term,35,Primary or lower secondary education,1400.0,2,7,4,8,8
17450,1,F,27,Full-time,long term,36,Tertiary education,1390.0,2,8,5,4,8
17451,1,F,57,Part-time,long term,34,Upper secondary or post-secondary education,1200.0,2,8,4,2,10
17452,5,M,52,Full-time,long term,46,Upper secondary or post-secondary education,5000.0,2,15,4,10,9
17453,4,F,31,Full-time,long term,40,Upper secondary or post-secondary education,2500.0,2,10,4,13,8
17454,3,M,37,Full-time,long term,35,Tertiary education,2500.0,1,12,3,11,9
17455,5,M,53,Full-time,long term,35,Upper secondary or post-secondary education,2000.0,1,13,3,14,10
17456,4,F,44,Full-time,long term,40,Upper secondary or post-secondary education,2000.0,2,13,2,12,10
17457,3,M,38,Full-time,long term,42,Upper secondary or post-secondary education,5000.0,2,12,4,8,9
17458,5,F,33,Part-time,long term,19,Tertiary education,1500.0,1,14,5,11,10
17459,4,M,30,Full-time,long term,40,Upper secondary or post-secondary education,4000.0,2,7,4,14,10
17460,1,M,58,Full-time,long term,43,Upper secondary or post-secondary education,4000.0,3,4,3,2,5
17461,4,F,37,Full-time,long term,47,Tertiary education,4400.0,1,14,5,3,9
17463,2,F,48,Full-time,long term,45,Tertiary education,2000.0,2,12,5,14,9
17464,4,F,48,Full-time,long term,40,Upper secondary or post-secondary education,3500.0,2,3,4,12,10
17465,3,F,25,Part-time,long term,28,Tertiary education,1100.0,1,7,5,14,10
17466,1,M,47,Full-time,long term,39,Upper secondary or post-secondary education,1450.0,3,12,3,7,10
17467,2,F,50,Full-time,long term,40,Upper secondary or post-secondary education,2500.0,2,10,4,14,9
17468,4,M,49,Full-time,long term,40,Tertiary education,2000.0,4,4,4,2,6
17470,4,F,42,Part-time,long term,32,Tertiary education,1800.0,2,11,5,3,8
17471,3,F,50,Full-time,long term,38,Upper secondary or post-secondary education,1200.0,1,10,5,7,10
17472,4,M,45,Full-time,long term,45,Upper secondary or post-secondary education,2500.0,2,12,4,4,8
17474,3,F,44,Full-time,long term,35,Upper secondary or post-secondary education,1800.0,2,9,4,10,7
17475,3,M,56,Full-time,long term,45,Primary or lower secondary education,1800.0,1,6,5,4,10
17476,1,M,49,Full-time,long term,50,Upper secondary or post-secondary education,1800.0,1,12,4,14,10
17487,4,F,44,Full-time,long term,39,Upper secondary or post-secondary education,1300.0,2,13,4,12,10
17488,4,F,39,Full-time,long term,40,Tertiary education,2100.0,1,7,4,12,9
17489,5,M,40,Full-time,long term,40,Tertiary education,2500.0,2,11,3,13,7
17490,4,M,41,Full-time,long term,39,Tertiary education,1500.0,3,7,3,5,9
17492,2,M,29,Full-time,long term,35,Tertiary education,1850.0,2,13,2,11,9
17493,4,M,37,Full-time,long term,40,Tertiary education,3350.0,2,10,5,11,8
17494,5,M,51,Full-time,long term,45,Tertiary education,3000.0,2,9,2,5,8
17496,1,M,33,Full-time,long term,35,Upper secondary or post-secondary education,1670.0,1,7,5,14,10
17497,3,M,49,Full-time,long term,35,Upper secondary or post-secondary education,1600.0,2,10,3,11,8
17498,1,M,34,Full-time,long term,39,Upper secondary or post-secondary education,1150.0,3,7,3,8,8
17499,1,M,56,Full-time,short term,35,Upper secondary or post-secondary education,1200.0,1,15,5,14,10
17500,1,F,55,Full-time,long term,35,Primary or lower secondary education,1150.0,2,9,5,9,10
17501,5,F,51,Full-time,long term,35,Tertiary education,1250.0,3,9,2,9,7
17502,3,F,24,Part-time,short term,17,Tertiary education,250.0,2,6,4,9,8
17504,4,M,46,Full-time,long term,60,Tertiary education,5000.0,2,12,4,3,8
17506,2,M,55,Full-time,short term,37,Tertiary education,1600.0,1,13,5,12,8
17507,5,M,51,Full-time,long term,50,Upper secondary or post-secondary education,3200.0,1,11,4,9,9
17508,1,M,53,Full-time,long term,40,Upper secondary or post-secondary education,1580.0,2,10,4,7,8
17509,4,F,37,Part-time,long term,30,Upper secondary or post-secondary education,1400.0,4,9,3,3,6
17511,5,F,39,Full-time,long term,40,Tertiary education,2000.0,2,8,3,9,8
17512,3,F,39,Full-time,long term,27,Upper secondary or post-secondary education,1060.0,2,12,5,6,9
17513,3,F,47,Full-time,long term,42,Upper secondary or post-secondary education,1450.0,2,10,3,3,10
17514,3,F,51,Full-time,long term,50,Tertiary education,2800.0,2,7,3,14,8
17515,2,F,32,Full-time,short term,35,Upper secondary or post-secondary education,1130.0,1,4,5,13,10
17518,3,F,39,Part-time,long term,26,Tertiary education,1300.0,2,10,4,14,8
17519,5,M,41,Part-time,long term,17,Upper secondary or post-secondary education,700.0,2,10,4,13,10
17520,5,F,32,Part-time,long term,21,Upper secondary or post-secondary education,680.0,3,13,4,14,10
17521,1,M,50,Full-time,long term,35,Upper secondary or post-secondary education,1450.0,4,4,3,2,9
17524,3,F,47,Full-time,long term,38,Tertiary education,1100.0,2,10,4,6,9
17526,3,M,22,Full-time,short term,35,Tertiary education,1400.0,2,9,4,9,10
17527,4,M,32,Full-time,long term,35,Upper secondary or post-secondary education,1500.0,3,14,4,10,10
17529,3,F,41,Full-time,long term,35,Tertiary education,1400.0,2,10,3,13,8
17530,1,F,32,Full-time,long term,39,Tertiary education,1800.0,1,14,5,10,10
17534,3,F,51,Full-time,long term,40,Upper secondary or post-secondary education,1400.0,4,6,5,13,8
17539,5,F,42,Full-time,long term,35,Upper secondary or post-secondary education,1637.0,1,15,5,14,10
17540,3,M,57,Full-time,long term,39,Primary or lower secondary education,1870.0,2,10,4,13,10
17541,5,M,41,Full-time,long term,35,Tertiary education,1600.0,2,9,4,8,8
17542,4,M,37,Full-time,long term,35,Upper secondary or post-secondary education,2800.0,1,13,3,2,8
17543,2,M,60,Full-time,long term,21,Upper secondary or post-secondary education,2500.0,1,13,5,14,10
17545,2,M,54,Full-time,long term,45,Upper secondary or post-secondary education,1750.0,1,15,5,2,10
17547,5,F,31,Part-time,short term,30,Upper secondary or post-secondary education,976.0,2,6,3,3,9
17548,4,M,52,Full-time,long term,34,Tertiary education,2000.0,1,11,4,14,8
17549,4,F,48,Part-time,long term,28,Tertiary education,2100.0,8,8,4,8,9
17550,3,M,50,Full-time,long term,40,Primary or lower secondary education,1600.0,1,13,5,2,10
17551,3,F,44,Part-time,long term,33,Upper secondary or post-secondary education,1800.0,1,12,4,6,10
17552,2,M,56,Full-time,long term,39,Primary or lower secondary education,2500.0,3,11,3,9,8
17557,1,M,45,Full-time,long term,40,Tertiary education,3000.0,2,15,3,14,8
17558,1,F,31,Full-time,long term,35,Upper secondary or post-secondary education,1322.0,2,7,2,8,9
17562,2,M,28,Part-time,short term,15,Tertiary education,570.0,2,9,2,8,10
17565,1,F,51,Full-time,long term,35,Upper secondary or post-secondary education,1375.0,1,12,4,8,10
17566,4,F,43,Full-time,long term,35,Upper secondary or post-secondary education,1500.0,3,7,3,3,5
17567,1,M,19,Full-time,short term,36,Upper secondary or post-secondary education,1400.0,2,11,5,2,8
17569,1,M,40,Full-time,long term,35,Upper secondary or post-secondary education,1300.0,2,9,4,9,6
17571,4,M,38,Full-time,long term,35,Upper secondary or post-secondary education,2000.0,1,14,4,12,10
17573,2,F,55,Full-time,long term,45,Tertiary education,3400.0,4,9,4,3,10
17575,2,M,20,Full-time,short term,40,Primary or lower secondary education,1500.0,3,10,4,4,8
17576,2,F,53,Full-time,long term,39,Tertiary education,1500.0,2,7,3,10,8
17578,3,M,44,Full-time,long term,39,Tertiary education,4500.0,3,6,5,4,5
17579,1,M,61,Full-time,long term,40,Upper secondary or post-secondary education,4200.0,1,14,4,13,9
17580,4,M,30,Full-time,long term,35,Primary or lower secondary education,1350.0,3,10,3,4,6
17583,1,M,43,Part-time,short term,1,Primary or lower secondary education,10.0,2,15,5,2,10
17584,2,F,43,Full-time,long term,39,Upper secondary or post-secondary education,1300.0,2,10,3,11,8
17585,2,M,40,Full-time,long term,40,Upper secondary or post-secondary education,2300.0,2,10,4,10,8
17586,2,M,49,Full-time,long term,36,Upper secondary or post-secondary education,2800.0,1,12,4,4,7
17587,3,F,61,Full-time,long term,37,Tertiary education,4300.0,2,8,4,12,8
17588,2,F,64,Part-time,short term,8,Tertiary education,3000.0,2,8,1,10,9
17589,4,F,42,Part-time,long term,28,Tertiary education,2100.0,3,9,2,5,8
17591,1,M,50,Full-time,long term,39,Primary or lower secondary education,1300.0,2,12,3,10,10
17592,4,M,51,Full-time,long term,45,Upper secondary or post-secondary education,1600.0,1,15,1,13,9
17594,2,F,55,Full-time,long term,35,Tertiary education,2200.0,2,13,3,8,8
17596,2,F,49,Full-time,long term,40,Tertiary education,3900.0,2,10,4,10,6
17597,1,F,56,Part-time,long term,30,Tertiary education,2400.0,2,12,4,4,8
17598,3,F,30,Full-time,short term,60,Tertiary education,3000.0,3,11,4,7,9
17600,4,M,38,Full-time,long term,39,Tertiary education,2250.0,3,15,2,4,6
17601,2,F,57,Part-time,long term,21,Tertiary education,1800.0,2,11,5,13,9
17602,2,M,40,Full-time,long term,25,Tertiary education,2000.0,2,11,4,10,8
17604,4,F,35,Full-time,long term,40,Tertiary education,1200.0,3,5,5,2,10
17605,4,M,18,Full-time,long term,36,Primary or lower secondary education,1250.0,2,7,4,10,8
17606,3,F,35,Part-time,short term,17,Upper secondary or post-secondary education,700.0,1,7,4,5,8
17609,5,M,30,Full-time,long term,39,Primary or lower secondary education,1800.0,3,7,4,3,8
17611,3,M,30,Full-time,long term,37,Upper secondary or post-secondary education,1182.0,2,10,2,14,8
17612,3,F,40,Full-time,long term,38,Tertiary education,2550.0,2,11,4,10,7
17614,1,M,50,Full-time,long term,39,Tertiary education,2800.0,1,12,5,8,9
17615,2,F,61,Full-time,long term,40,Tertiary education,2100.0,2,15,5,8,9
17617,1,F,33,Full-time,short term,35,Tertiary education,1420.0,1,13,4,10,10
17619,1,F,54,Full-time,long term,35,Upper secondary or post-secondary education,1700.0,4,7,3,2,9
17620,5,M,37,Full-time,long term,40,Tertiary education,1800.0,3,5,4,11,7
17621,4,M,48,Full-time,long term,40,Tertiary education,2500.0,2,10,3,10,8
17622,3,M,26,Full-time,long term,37,Upper secondary or post-secondary education,1400.0,3,9,4,5,9
17623,2,M,58,Full-time,long term,38,Upper secondary or post-secondary education,2700.0,2,11,4,12,9
17624,4,M,38,Full-time,long term,40,Tertiary education,2200.0,3,6,3,11,7
17625,6,M,44,Full-time,long term,55,Tertiary education,2850.0,2,9,3,7,8
17626,4,M,50,Full-time,long term,38,Tertiary education,2200.0,2,12,3,11,8
17629,1,F,54,Full-time,long term,44,Tertiary education,2600.0,1,11,5,7,8
17630,1,F,38,Full-time,long term,40,Upper secondary or post-secondary education,1884.0,1,7,5,11,10
17632,2,M,63,Full-time,short term,38,Primary or lower secondary education,1800.0,2,7,1,14,7
17633,4,M,34,Full-time,long term,37,Primary or lower secondary education,1450.0,2,5,5,8,9
17635,7,M,47,Full-time,short term,35,Primary or lower secondary education,2000.0,2,12,4,6,10
17636,2,M,61,Full-time,long term,40,Upper secondary or post-secondary education,1402.0,2,14,5,14,10
17637,2,F,43,Part-time,long term,32,Tertiary education,1350.0,2,7,4,4,3
17638,1,F,45,Full-time,long term,40,Upper secondary or post-secondary education,1300.0,2,13,5,12,8
17641,4,F,44,Part-time,long term,30,Upper secondary or post-secondary education,850.0,2,9,4,8,9
17642,2,F,23,Full-time,short term,39,Primary or lower secondary education,1225.0,2,10,5,5,10
17643,2,M,59,Full-time,long term,40,Upper secondary or post-secondary education,2800.0,2,7,4,3,9
17645,4,F,34,Full-time,long term,48,Upper secondary or post-secondary education,1452.0,1,9,5,6,10
17646,5,M,48,Full-time,long term,48,Upper secondary or post-secondary education,2000.0,2,11,3,2,10
17647,2,F,54,Full-time,long term,38,Upper secondary or post-secondary education,1900.0,2,12,4,13,10
17648,4,M,37,Full-time,long term,37,Upper secondary or post-secondary education,1500.0,3,12,5,13,10
17649,1,M,48,Full-time,long term,35,Upper secondary or post-secondary education,1500.0,1,14,5,12,10
17650,2,M,58,Full-time,long term,35,Upper secondary or post-secondary education,2000.0,2,10,3,11,8
17651,4,F,45,Full-time,long term,37,Upper secondary or post-secondary education,1400.0,2,7,3,14,10
17652,3,F,36,Full-time,long term,45,Tertiary education,5000.0,2,13,5,8,10
17654,2,F,54,Full-time,long term,35,Tertiary education,2200.0,3,6,2,6,8
17657,5,F,40,Part-time,long term,30,Tertiary education,1200.0,2,8,4,13,9
17658,5,M,44,Full-time,long term,50,Tertiary education,1450.0,2,12,5,14,9
17659,2,F,35,Full-time,long term,35,Upper secondary or post-secondary education,1280.0,2,9,3,7,10
17660,2,F,45,Part-time,long term,17,Upper secondary or post-secondary education,600.0,1,10,5,14,9
17661,2,M,58,Full-time,long term,41,Primary or lower secondary education,1550.0,2,6,4,14,9
17662,5,M,39,Full-time,long term,46,Upper secondary or post-secondary education,1600.0,2,3,1,4,7
17663,3,M,48,Full-time,long term,35,Upper secondary or post-secondary education,1550.0,2,14,5,6,10
17664,3,F,47,Part-time,long term,30,Upper secondary or post-secondary education,950.0,3,7,3,2,6
17665,4,F,37,Full-time,long term,35,Tertiary education,1500.0,2,12,4,9,9
17667,1,M,38,Full-time,long term,39,Upper secondary or post-secondary education,1600.0,1,15,4,12,10
17668,2,M,30,Full-time,long term,40,Tertiary education,2100.0,2,12,4,13,8
17669,3,F,47,Full-time,long term,37,Upper secondary or post-secondary education,1300.0,2,13,4,2,9
17670,4,F,38,Full-time,long term,41,Tertiary education,1600.0,3,5,2,6,8
17671,5,M,43,Full-time,long term,45,Tertiary education,3000.0,3,10,5,12,7
17672,3,F,36,Part-time,long term,35,Tertiary education,2000.0,2,9,4,11,8
17673,2,F,56,Part-time,long term,17,Primary or lower secondary education,550.0,2,3,5,2,9
17674,4,M,38,Full-time,long term,50,Tertiary education,4000.0,2,9,4,12,8
17676,3,F,35,Full-time,long term,42,Tertiary education,1850.0,3,5,2,7,7
17677,3,F,23,Part-time,long term,20,Upper secondary or post-secondary education,634.0,1,10,1,14,10
17678,3,M,51,Full-time,long term,45,Upper secondary or post-secondary education,3500.0,2,14,5,3,10
17679,3,M,53,Full-time,long term,35,Upper secondary or post-secondary education,1750.0,2,7,5,3,9
17680,2,M,55,Full-time,long term,39,Upper secondary or post-secondary education,1150.0,1,7,5,14,10
17681,2,F,49,Full-time,long term,35,Upper secondary or post-secondary education,1500.0,2,5,3,12,10
17682,3,F,54,Full-time,long term,37,Upper secondary or post-secondary education,1400.0,1,5,5,13,10
17683,4,M,48,Full-time,long term,39,Upper secondary or post-secondary education,1900.0,2,8,3,12,8
17684,4,M,59,Full-time,long term,35,Upper secondary or post-secondary education,1700.0,1,12,4,14,10
17685,3,M,26,Full-time,long term,48,Tertiary education,1900.0,1,14,5,8,10
17687,5,F,32,Part-time,long term,35,Tertiary education,1850.0,2,10,5,5,9
17688,4,F,31,Part-time,long term,28,Tertiary education,1550.0,1,12,4,3,8
17689,3,F,59,Full-time,long term,20,Primary or lower secondary education,550.0,2,15,1,12,10
17691,1,M,41,Full-time,long term,45,Tertiary education,3100.0,2,12,3,14,8
17692,2,9,25,Part-time,short term,15,Tertiary education,400.0,2,8,4,5,8
17694,1,M,33,Part-time,short term,44,Tertiary education,1150.0,2,12,5,14,10
17696,2,M,29,Full-time,long term,50,Tertiary education,1370.0,1,11,5,8,9
17697,1,F,57,Full-time,long term,35,Upper secondary or post-secondary education,1600.0,2,9,4,13,9
17698,4,M,33,Full-time,long term,45,Tertiary education,3000.0,1,12,4,12,8
17700,1,M,49,Full-time,long term,37,Upper secondary or post-secondary education,1600.0,3,7,4,3,7
17702,2,M,35,Full-time,long term,35,Upper secondary or post-secondary education,1140.0,2,6,4,6,10
17703,3,F,47,Part-time,short term,21,Tertiary education,670.0,2,14,5,14,10
17704,2,F,25,Full-time,short term,40,Tertiary education,2000.0,2,11,4,13,8
17705,2,F,50,Full-time,long term,35,Upper secondary or post-secondary education,1500.0,2,10,4,14,8
17706,2,M,45,Full-time,long term,45,Tertiary education,2600.0,4,10,4,4,6
17707,4,M,40,Full-time,long term,35,Tertiary education,1800.0,1,12,4,14,8
17708,1,M,24,Full-time,short term,42,Tertiary education,1100.0,1,11,4,12,10
17709,2,F,20,Part-time,long term,30,Upper secondary or post-secondary education,750.0,3,11,4,2,9
17710,3,M,34,Part-time,long term,15,Upper secondary or post-secondary education,530.0,4,6,4,2,6
17711,4,M,45,Full-time,short term,39,Tertiary education,3200.0,3,9,2,11,9
17712,4,M,32,Full-time,long term,43,Upper secondary or post-secondary education,1700.0,3,13,5,2,10
17713,1,F,53,Full-time,long term,39,Tertiary education,1800.0,2,7,5,13,9
17714,4,F,48,Full-time,short term,35,Upper secondary or post-secondary education,1300.0,3,12,5,5,8
17715,1,M,49,Full-time,long term,38,Upper secondary or post-secondary education,1600.0,3,5,3,8,8
17716,2,F,22,Part-time,long term,5,Tertiary education,160.0,2,5,3,4,10
17718,1,F,61,Full-time,long term,35,Tertiary education,2000.0,2,9,4,14,8
17719,4,F,36,Full-time,long term,35,Upper secondary or post-secondary education,1427.0,1,14,4,13,10
17723,3,M,37,Full-time,long term,35,Upper secondary or post-secondary education,1500.0,1,7,5,8,10
17725,5,M,31,Full-time,long term,36,Upper secondary or post-secondary education,1122.0,2,9,3,2,10
17726,5,F,50,Part-time,long term,32,Upper secondary or post-secondary education,1658.0,2,9,5,12,9
17727,4,M,31,Full-time,long term,38,Upper secondary or post-secondary education,1650.0,2,15,5,8,9
17728,3,M,26,Full-time,long term,40,Upper secondary or post-secondary education,1355.0,2,5,3,3,8
17731,3,F,33,Full-time,long term,45,Upper secondary or post-secondary education,1250.0,2,13,5,7,7
17732,4,M,40,Part-time,long term,35,Upper secondary or post-secondary education,1000.0,1,6,5,13,10
17735,3,M,53,Full-time,short term,50,Upper secondary or post-secondary education,2200.0,2,13,4,5,9
17736,2,M,40,Full-time,long term,45,Tertiary education,2200.0,2,7,3,8,8
17737,5,M,42,Full-time,long term,43,Upper secondary or post-secondary education,1600.0,2,14,5,2,10
17740,5,M,44,Full-time,long term,35,Primary or lower secondary education,1350.0,3,6,3,5,9
17742,4,M,49,Full-time,long term,37,Tertiary education,1610.0,3,8,5,14,8
17744,5,M,45,Full-time,long term,35,Tertiary education,2300.0,1,10,4,14,8
17745,2,M,59,Full-time,long term,39,Upper secondary or post-secondary education,2400.0,4,13,2,6,8
17746,3,M,53,Full-time,long term,36,Tertiary education,2700.0,3,8,3,8,9
17748,4,F,42,Part-time,long term,21,Tertiary education,900.0,1,15,5,14,9
17749,4,F,34,Part-time,long term,28,Upper secondary or post-secondary education,1000.0,3,8,4,2,7
17750,3,M,42,Full-time,long term,40,Tertiary education,2000.0,2,9,4,11,6
17751,2,M,26,Full-time,long term,42,Tertiary education,1764.0,2,9,4,8,8
17753,4,F,35,Full-time,long term,55,Tertiary education,3400.0,3,12,4,12,7
17754,2,F,32,Full-time,long term,40,Tertiary education,1702.0,2,12,5,14,9
17755,2,F,55,Part-time,long term,28,Upper secondary or post-secondary education,1480.0,2,8,4,13,9
17756,2,M,56,Full-time,long term,37,Upper secondary or post-secondary education,1765.0,2,13,4,8,9
17757,3,F,47,Part-time,short term,24,Upper secondary or post-secondary education,700.0,2,13,5,14,10
17759,3,M,56,Full-time,long term,38,Tertiary education,3000.0,3,8,4,13,7
17760,4,F,20,Part-time,short term,14,Upper secondary or post-secondary education,650.0,1,9,5,3,9
17761,1,F,48,Full-time,long term,35,Tertiary education,2300.0,2,10,1,6,10
17762,2,F,54,Part-time,short term,20,Upper secondary or post-secondary education,675.0,1,5,3,14,9
17764,1,F,33,Full-time,long term,39,Tertiary education,1600.0,2,11,3,13,8
17765,4,F,31,Full-time,long term,37,Upper secondary or post-secondary education,1400.0,2,7,4,6,9
17767,4,M,22,Full-time,short term,39,Upper secondary or post-secondary education,1222.0,2,6,4,14,8
17768,3,M,23,Full-time,short term,39,Upper secondary or post-secondary education,1200.0,2,9,4,8,9
17769,1,F,57,Full-time,long term,36,Upper secondary or post-secondary education,2100.0,3,10,4,5,9
17771,4,F,37,Full-time,long term,42,Upper secondary or post-secondary education,1300.0,2,9,5,3,6
17772,1,F,41,Full-time,long term,37,Tertiary education,1380.0,3,10,4,9,6
17773,3,F,43,Full-time,long term,39,Upper secondary or post-secondary education,1500.0,2,8,4,6,8
17774,1,F,26,Part-time,short term,26,Tertiary education,870.0,3,5,4,14,6
17776,4,M,44,Full-time,long term,38,Tertiary education,2300.0,3,13,4,11,8
17777,4,M,41,Full-time,long term,40,Tertiary education,2050.0,2,9,2,14,8
17778,2,M,44,Full-time,long term,35,Tertiary education,1300.0,4,10,4,2,7
17779,2,M,45,Full-time,long term,40,Tertiary education,3900.0,1,11,4,12,8
17780,2,F,34,Part-time,short term,32,Tertiary education,1400.0,1,10,4,13,7
17785,2,F,52,Full-time,long term,37,Upper secondary or post-secondary education,1400.0,2,9,5,11,9
17786,2,F,56,Part-time,short term,40,Primary or lower secondary education,1242.0,2,6,3,3,9
17789,2,F,54,Part-time,long term,30,Upper secondary or post-secondary education,1200.0,2,13,5,12,9
17790,2,F,62,Part-time,long term,27,Tertiary education,3100.0,2,8,4,12,10
17792,2,F,58,Full-time,long term,35,Upper secondary or post-secondary education,1175.0,2,14,2,14,10
17793,5,F,50,Part-time,short term,12,Tertiary education,450.0,2,15,1,14,9
17796,3,M,40,Full-time,long term,20,Tertiary education,2000.0,3,10,5,9,7
17798,4,M,55,Full-time,long term,35,Upper secondary or post-secondary education,2300.0,2,8,1,14,8
17800,3,F,50,Part-time,long term,29,Tertiary education,2000.0,3,9,4,13,6
17801,4,M,31,Full-time,long term,39,Tertiary education,1635.0,3,8,4,7,9
17804,1,M,31,Full-time,long term,37,Tertiary education,2200.0,3,9,4,6,7
17805,5,M,43,Full-time,long term,50,Tertiary education,3000.0,2,9,4,14,8
17807,4,F,48,Part-time,short term,24,Tertiary education,800.0,2,8,4,10,7
17809,5,F,41,Part-time,short term,26,Upper secondary or post-secondary education,900.0,2,10,5,12,9
17810,2,M,57,Full-time,long term,40,Tertiary education,3000.0,2,12,4,10,8
17811,2,M,27,Full-time,long term,35,Upper secondary or post-secondary education,1500.0,2,3,4,10,9
17812,4,M,49,Full-time,long term,35,Upper secondary or post-secondary education,1500.0,2,8,2,14,8
17813,3,M,42,Full-time,long term,38,Upper secondary or post-secondary education,1500.0,1,10,5,11,10
17814,3,F,51,Full-time,long term,40,Tertiary education,2100.0,3,9,4,2,8
17816,3,F,28,Part-time,long term,30,Upper secondary or post-secondary education,1100.0,2,13,5,14,9
17819,5,F,38,Full-time,long term,60,Tertiary education,4200.0,4,9,3,3,7
17821,2,F,46,Full-time,long term,47,Upper secondary or post-secondary education,2100.0,2,11,4,11,9
17826,3,M,53,Full-time,long term,36,Upper secondary or post-secondary education,1240.0,4,5,3,2,6
17827,2,F,52,Part-time,long term,35,Upper secondary or post-secondary education,1200.0,3,13,5,10,8
17828,2,F,23,Full-time,long term,35,Upper secondary or post-secondary education,1300.0,2,11,5,12,9
17830,4,F,45,Part-time,long term,35,Upper secondary or post-secondary education,1500.0,2,12,4,9,8
17831,4,M,42,Full-time,long term,39,Upper secondary or post-secondary education,1800.0,1,10,3,12,8
17832,1,M,39,Full-time,long term,39,Upper secondary or post-secondary education,1600.0,2,7,3,6,6
17834,3,M,34,Full-time,long term,35,Primary or lower secondary education,1600.0,2,6,5,2,9
17835,4,F,38,Part-time,long term,23,Tertiary education,915.0,3,4,3,8,5
17836,1,F,59,Part-time,long term,20,Upper secondary or post-secondary education,798.0,2,11,2,9,8
17837,2,F,30,Full-time,long term,35,Upper secondary or post-secondary education,1030.0,1,15,5,4,10
17840,4,M,56,Full-time,long term,37,Upper secondary or post-secondary education,1800.0,2,12,4,13,9
17841,3,M,30,Full-time,long term,39,Upper secondary or post-secondary education,1300.0,3,8,5,8,6
17843,4,M,36,Full-time,long term,39,Upper secondary or post-secondary education,1500.0,1,9,5,12,9
17844,2,M,58,Full-time,long term,35,Upper secondary or post-secondary education,1600.0,1,6,4,13,6
17845,1,M,53,Full-time,long term,35,Upper secondary or post-secondary education,1200.0,2,4,3,13,10
17846,4,M,52,Full-time,long term,39,Upper secondary or post-secondary education,2200.0,2,14,5,13,10
17847,3,M,22,Full-time,short term,45,Upper secondary or post-secondary education,1750.0,2,10,5,7,10
17848,4,M,38,Full-time,long term,39,Primary or lower secondary education,1350.0,1,15,5,2,10
17849,1,F,36,Full-time,long term,35,Upper secondary or post-secondary education,900.0,2,10,4,2,10
17850,4,M,48,Full-time,long term,41,Upper secondary or post-secondary education,1500.0,2,11,4,14,10
17851,2,F,44,Part-time,long term,23,Tertiary education,595.0,3,15,4,8,10
17852,3,M,47,Full-time,long term,60,Tertiary education,5000.0,2,13,4,14,8
17853,3,M,30,Full-time,long term,40,Tertiary education,1960.0,1,15,4,12,10
17855,3,M,45,Full-time,long term,45,Upper secondary or post-secondary education,1200.0,3,9,5,13,10
17856,1,F,52,Full-time,long term,35,Upper secondary or post-secondary education,1500.0,1,9,3,9,8
17857,2,F,26,Full-time,long term,35,Tertiary education,1100.0,2,9,5,9,8
17858,2,F,21,Full-time,short term,35,Tertiary education,1200.0,1,7,5,12,10
17859,5,F,54,Full-time,long term,50,Tertiary education,3000.0,2,8,4,10,8
17860,1,M,24,Full-time,short term,35,Tertiary education,1005.0,1,14,3,12,7
17861,2,M,68,Part-time,long term,16,Primary or lower secondary education,600.0,1,12,5,8,10
17862,3,F,42,Part-time,long term,28,Tertiary education,1770.0,2,10,4,11,7
17863,1,F,29,Full-time,long term,42,Tertiary education,2000.0,2,10,4,10,9
17864,6,M,50,Full-time,long term,40,Upper secondary or post-secondary education,1300.0,1,13,5,14,10
17866,2,F,49,Part-time,long term,22,Upper secondary or post-secondary education,700.0,3,10,3,14,9
17867,3,M,55,Full-time,long term,39,Primary or lower secondary education,1720.0,2,9,2,14,10
17868,3,M,45,Full-time,long term,50,Upper secondary or post-secondary education,2400.0,2,12,4,14,8
17877,1,F,45,Full-time,long term,35,Upper secondary or post-secondary education,1400.0,1,5,4,2,10
17878,4,F,32,Part-time,long term,18,Tertiary education,580.0,4,5,1,12,7
17880,1,M,59,Part-time,short term,4,Tertiary education,600.0,2,3,4,9,6
17885,2,M,32,Full-time,long term,35,Upper secondary or post-secondary education,1500.0,2,9,5,10,8
17886,2,F,59,Part-time,long term,20,Primary or lower secondary education,640.0,2,7,5,5,9
17887,4,F,45,Part-time,short term,24,Tertiary education,700.0,2,8,5,14,10
17888,4,F,48,Part-time,long term,27,Upper secondary or post-secondary education,987.0,2,8,4,3,9
17889,4,M,38,Full-time,long term,35,Tertiary education,5000.0,2,5,5,2,9
17891,2,F,56,Full-time,long term,35,Upper secondary or post-secondary education,1300.0,2,12,2,10,10
17892,5,F,53,Part-time,long term,20,Tertiary education,2500.0,3,10,3,10,6
17895,3,M,25,Full-time,long term,38,Upper secondary or post-secondary education,2100.0,2,13,5,5,8
17896,3,M,32,Full-time,short term,39,Upper secondary or post-secondary education,1300.0,3,4,3,9,6
17898,5,F,36,Full-time,long term,39,Upper secondary or post-secondary education,1150.0,3,5,4,7,6
17899,3,M,50,Full-time,long term,42,Upper secondary or post-secondary education,1577.0,2,9,4,13,10
17900,4,F,33,Full-time,short term,35,Upper secondary or post-secondary education,1300.0,2,3,3,4,10
17901,2,M,50,Full-time,long term,35,Upper secondary or post-secondary education,1800.0,2,15,5,2,10
17902,1,F,52,Full-time,long term,38,Upper secondary or post-secondary education,1500.0,3,6,4,3,4
17903,2,F,55,Full-time,long term,38,Upper secondary or post-secondary education,1500.0,2,12,4,9,10
17904,1,M,25,Full-time,short term,39,Upper secondary or post-secondary education,1300.0,2,7,5,10,10
17906,4,F,37,Part-time,long term,28,Tertiary education,1400.0,2,11,5,10,9
17908,1,F,36,Full-time,long term,45,Tertiary education,2800.0,2,12,3,11,8
17909,1,F,27,Full-time,long term,35,Tertiary education,1750.0,1,11,4,10,9
17911,1,F,24,Full-time,long term,35,Upper secondary or post-secondary education,1143.0,3,8,5,5,8
17912,1,F,44,Full-time,long term,35,Upper secondary or post-secondary education,1300.0,2,8,3,14,7
17913,1,F,40,Full-time,long term,40,Tertiary education,1600.0,2,7,4,9,7
17914,2,F,56,Full-time,long term,39,Upper secondary or post-secondary education,1600.0,2,11,5,12,9
17915,1,M,36,Full-time,long term,35,Upper secondary or post-secondary education,1260.0,2,12,5,12,10
17916,2,F,49,Full-time,long term,39,Upper secondary or post-secondary education,1100.0,2,4,4,14,8
17918,1,M,36,Full-time,long term,40,Tertiary education,3900.0,2,9,4,4,7
17919,4,F,25,Full-time,long term,39,Upper secondary or post-secondary education,1228.0,2,4,4,6,10
17921,2,F,33,Full-time,long term,40,Tertiary education,2500.0,4,6,3,4,7
17922,5,F,43,Part-time,long term,32,Upper secondary or post-secondary education,1900.0,4,3,1,14,10
17923,1,M,28,Full-time,long term,40,Upper secondary or post-secondary education,1980.0,2,7,4,6,6
17924,1,F,36,Full-time,long term,48,Tertiary education,2000.0,2,9,3,3,9
17925,2,F,25,Part-time,long term,32,Upper secondary or post-secondary education,1600.0,1,9,5,11,9
17926,2,F,46,Full-time,long term,40,Tertiary education,5000.0,1,12,4,14,7
17927,2,M,19,Full-time,short term,35,Tertiary education,1000.0,2,13,5,13,7
17928,1,M,39,Full-time,long term,40,Tertiary education,4000.0,2,8,3,8,6
17930,1,F,28,Part-time,short term,25,Upper secondary or post-secondary education,600.0,1,12,4,12,8
17931,4,M,41,Full-time,long term,35,Upper secondary or post-secondary education,1600.0,2,11,5,12,8
17932,3,F,41,Full-time,long term,34,Upper secondary or post-secondary education,1200.0,1,8,2,10,10
17934,1,F,56,Full-time,long term,39,Tertiary education,1800.0,3,10,3,5,8
17936,4,M,27,Full-time,long term,40,Tertiary education,1800.0,1,13,5,5,10
17940,3,M,55,Full-time,long term,50,Tertiary education,2800.0,2,9,3,8,9
17941,4,M,62,Full-time,long term,18,Tertiary education,3400.0,2,15,5,12,10
17945,4,M,40,Full-time,long term,45,Tertiary education,4500.0,2,9,4,3,9
17946,5,M,46,Full-time,long term,35,Tertiary education,2300.0,3,14,3,4,9
17948,5,M,54,Part-time,long term,30,Upper secondary or post-secondary education,1400.0,1,11,5,14,9
17949,4,M,45,Part-time,long term,20,Primary or lower secondary education,627.0,2,11,4,14,10
17950,1,F,49,Part-time,long term,20,Primary or lower secondary education,900.0,2,6,5,14,8
17951,1,F,44,Part-time,short term,31,Upper secondary or post-secondary education,1023.0,3,3,2,11,9
17952,2,M,32,Full-time,long term,35,Upper secondary or post-secondary education,1850.0,2,8,4,14,8
17953,2,F,49,Part-time,long term,28,Primary or lower secondary education,900.0,2,10,1,14,10
17954,2,F,29,Part-time,short term,18,Upper secondary or post-secondary education,750.0,2,5,2,4,5
17955,1,M,33,Part-time,long term,25,Upper secondary or post-secondary education,650.0,4,6,2,5,7
17958,4,M,45,Full-time,long term,50,Tertiary education,3200.0,1,12,5,9,8
17959,4,F,36,Full-time,long term,40,Upper secondary or post-secondary education,1400.0,2,11,4,13,6
17961,3,F,46,Full-time,long term,40,Upper secondary or post-secondary education,1200.0,3,3,3,2,7
17962,2,M,61,Full-time,long term,39,Tertiary education,3200.0,1,12,5,12,8
17965,5,F,48,Part-time,long term,24,Upper secondary or post-secondary education,900.0,1,13,4,14,8
17966,2,F,42,Full-time,long term,39,Tertiary education,2800.0,2,8,4,4,8
17967,2,M,60,Full-time,long term,20,Tertiary education,3200.0,2,12,4,14,8
17968,6,M,55,Full-time,long term,52,Upper secondary or post-secondary education,3300.0,2,15,5,14,10
17969,4,F,38,Full-time,long term,42,Upper secondary or post-secondary education,1150.0,2,15,5,4,10
17970,3,M,33,Full-time,long term,37,Tertiary education,1650.0,2,9,4,8,8
17971,4,F,30,Full-time,short term,35,Upper secondary or post-secondary education,1150.0,2,13,5,14,10
17972,3,F,55,Part-time,long term,21,Upper secondary or post-secondary education,680.0,2,6,4,2,10
17975,4,M,41,Full-time,long term,37,Tertiary education,1500.0,2,14,4,6,10
17976,4,M,33,Full-time,long term,39,Upper secondary or post-secondary education,1400.0,2,13,5,2,9
17977,5,M,42,Full-time,long term,40,Primary or lower secondary education,1600.0,2,14,5,2,10
17979,4,F,33,Part-time,long term,30,Tertiary education,1450.0,3,11,5,6,9
17980,3,M,27,Full-time,long term,35,Upper secondary or post-secondary education,2800.0,2,13,5,6,10
17981,2,M,54,Full-time,long term,40,Tertiary education,3500.0,2,12,4,12,8
17982,3,M,40,Full-time,long term,30,Tertiary education,1825.0,2,12,3,2,5
17983,4,F,48,Full-time,long term,40,Tertiary education,4000.0,1,10,5,2,7
17984,1,F,49,Full-time,long term,35,Upper secondary or post-secondary education,1750.0,2,10,5,8,10
17985,5,M,38,Full-time,long term,39,Upper secondary or post-secondary education,2000.0,2,9,5,7,8
17986,2,F,47,Full-time,long term,9,Tertiary education,1296.0,1,10,5,13,10
17987,4,M,43,Full-time,long term,20,Tertiary education,2100.0,2,8,2,12,5
17990,4,M,49,Part-time,long term,30,Tertiary education,3500.0,2,9,4,7,9
17993,1,M,32,Full-time,short term,39,Upper secondary or post-secondary education,1000.0,3,3,3,4,4
17996,2,F,52,Part-time,long term,30,Tertiary education,4000.0,2,7,3,8,6
17998,2,F,51,Part-time,long term,30,Upper secondary or post-secondary education,1100.0,2,10,5,10,10
17999,3,M,36,Full-time,long term,35,Upper secondary or post-secondary education,1800.0,2,11,3,2,8
18000,2,M,22,Part-time,short term,8,Upper secondary or post-secondary education,800.0,2,7,5,5,10
18002,4,F,45,Full-time,long term,37,Tertiary education,1560.0,1,10,5,11,8
18003,2,M,49,Full-time,long term,50,Tertiary education,1998.0,2,13,3,3,9
18004,3,F,39,Part-time,long term,43,Tertiary education,2000.0,3,5,3,4,7
18006,2,F,54,Full-time,long term,38,Upper secondary or post-secondary education,1800.0,2,8,2,11,9
18007,2,M,29,Full-time,long term,45,Tertiary education,2000.0,2,11,4,8,9
18008,1,M,50,Full-time,long term,39,Upper secondary or post-secondary education,1470.0,2,10,4,10,8
18009,1,F,51,Full-time,long term,45,Tertiary education,3200.0,2,8,3,8,8
18010,3,M,58,Full-time,long term,40,Primary or lower secondary education,1500.0,2,11,4,13,8
18011,1,F,25,Full-time,short term,35,Tertiary education,1240.0,2,10,5,10,8
18015,2,M,33,Full-time,short term,35,Primary or lower secondary education,1500.0,1,10,5,4,10
18016,3,F,47,Full-time,long term,34,Upper secondary or post-secondary education,1446.0,2,12,5,6,9
18017,2,F,46,Full-time,long term,20,Upper secondary or post-secondary education,500.0,2,9,1,10,9
18018,3,M,49,Full-time,long term,37,Primary or lower secondary education,1400.0,2,11,5,14,10
18020,1,F,52,Full-time,long term,35,Tertiary education,2300.0,2,11,5,7,9
18022,3,F,56,Full-time,long term,35,Tertiary education,3500.0,2,11,5,9,10
18024,2,M,32,Full-time,long term,40,Tertiary education,2500.0,2,10,4,7,9
18025,4,F,32,Full-time,long term,45,Tertiary education,3300.0,3,9,3,2,9
18027,4,F,48,Full-time,long term,38,Tertiary education,1300.0,3,5,1,9,10
18028,2,F,23,Full-time,long term,37,Upper secondary or post-secondary education,1680.0,3,9,5,4,9
18029,2,F,55,Part-time,long term,36,Upper secondary or post-secondary education,1027.0,4,7,2,7,10
18031,4,M,35,Full-time,long term,38,Upper secondary or post-secondary education,1350.0,3,11,4,9,10
18032,3,M,30,Full-time,long term,35,Upper secondary or post-secondary education,1450.0,2,10,3,8,8
18034,2,F,40,Full-time,long term,35,Tertiary education,1620.0,2,11,4,6,8
18036,2,F,54,Full-time,long term,35,Upper secondary or post-secondary education,1500.0,3,10,5,8,10
18037,2,F,48,Full-time,long term,35,Upper secondary or post-secondary education,1500.0,2,6,4,6,10
18038,5,M,38,Part-time,long term,30,Tertiary education,3000.0,2,11,5,9,9
18039,3,M,57,Full-time,long term,35,Upper secondary or post-secondary education,1800.0,2,11,4,12,7
18040,4,M,54,Full-time,long term,37,Tertiary education,2600.0,2,11,2,12,8
18042,4,M,29,Full-time,long term,35,Upper secondary or post-secondary education,1600.0,3,9,4,5,5
18043,2,M,59,Part-time,long term,17,Upper secondary or post-secondary education,1670.0,1,12,4,14,8
18045,1,M,24,Full-time,short term,35,Tertiary education,1800.0,2,9,4,6,10
18046,4,F,36,Full-time,long term,45,Tertiary education,2300.0,2,9,5,6,7
18047,3,M,33,Full-time,short term,35,Tertiary education,1100.0,1,12,4,8,10
18050,1,M,39,Full-time,long term,35,Upper secondary or post-secondary education,1600.0,3,11,4,11,8
18051,4,M,32,Full-time,long term,38,Upper secondary or post-secondary education,1900.0,1,14,5,7,9
18052,1,M,37,Full-time,long term,19,Tertiary education,2000.0,2,8,3,14,9
18054,2,F,46,Full-time,long term,37,Upper secondary or post-secondary education,1800.0,2,11,5,11,6
18055,2,F,53,Full-time,long term,39,Tertiary education,3200.0,1,15,4,13,10
18056,4,M,46,Full-time,long term,40,Tertiary education,3000.0,2,12,3,4,8
18058,2,M,52,Full-time,long term,40,Upper secondary or post-secondary education,1200.0,2,13,2,12,10
18059,4,M,35,Full-time,long term,45,Upper secondary or post-secondary education,1800.0,2,10,3,13,10
18062,3,M,32,Part-time,short term,39,Upper secondary or post-secondary education,2400.0,4,7,4,3,8
18063,4,M,39,Full-time,short term,36,Tertiary education,1300.0,1,8,4,13,8
18064,4,F,35,Part-time,long term,30,Tertiary education,1200.0,2,8,3,5,8
18065,1,M,51,Full-time,long term,37,Upper secondary or post-secondary education,1830.0,3,11,4,6,8
18066,2,M,24,Full-time,long term,35,Upper secondary or post-secondary education,1300.0,2,9,4,4,5
18067,2,M,36,Full-time,long term,39,Tertiary education,2200.0,2,11,4,12,7
18068,1,M,42,Full-time,long term,39,Upper secondary or post-secondary education,2200.0,1,8,4,13,10
18070,4,F,28,Part-time,long term,28,Upper secondary or post-secondary education,1400.0,2,10,5,12,9
18071,2,M,57,Full-time,long term,42,Upper secondary or post-secondary education,3700.0,2,11,5,5,8
18072,4,F,43,Full-time,long term,38,Primary or lower secondary education,1500.0,2,13,5,13,10
18073,4,F,43,Full-time,long term,39,Upper secondary or post-secondary education,1450.0,2,5,2,14,5
18074,2,F,34,Full-time,long term,35,Upper secondary or post-secondary education,1135.0,2,7,5,10,10
18075,2,M,58,Full-time,long term,35,Primary or lower secondary education,1650.0,2,7,3,13,10
18076,4,F,42,Full-time,long term,40,Upper secondary or post-secondary education,1200.0,2,11,3,13,10
18077,1,M,36,Full-time,long term,40,Upper secondary or post-secondary education,1900.0,3,9,4,13,8
18079,2,F,60,Full-time,long term,40,Primary or lower secondary education,1450.0,4,5,1,2,6
18080,1,M,36,Full-time,long term,45,Tertiary education,1400.0,1,10,4,14,7
18081,2,F,46,Part-time,long term,10,Primary or lower secondary education,300.0,2,4,5,12,10
18082,1,M,60,Full-time,long term,50,Upper secondary or post-secondary education,1000.0,4,5,4,4,8
18083,5,F,40,Full-time,long term,35,Tertiary education,1800.0,2,11,5,12,6
18084,3,M,26,Full-time,short term,40,Tertiary education,1280.0,2,12,5,3,10
18085,1,M,52,Part-time,long term,28,Primary or lower secondary education,2400.0,2,12,4,12,9
18087,1,F,57,Full-time,long term,35,Upper secondary or post-secondary education,1790.0,2,10,4,4,8
18088,2,F,25,Full-time,short term,35,Tertiary education,1500.0,2,12,4,9,9
18089,1,M,30,Full-time,long term,40,Tertiary education,2800.0,2,12,3,10,6
18090,6,M,47,Full-time,long term,35,Upper secondary or post-secondary education,1500.0,1,8,1,14,10
18092,5,M,40,Full-time,short term,37,Upper secondary or post-secondary education,1600.0,2,10,5,8,9
18093,4,M,31,Part-time,long term,28,Upper secondary or post-secondary education,1200.0,2,11,4,8,8
18094,3,M,51,Full-time,long term,35,Upper secondary or post-secondary education,2600.0,2,7,4,6,8
18097,2,M,30,Full-time,short term,35,Upper secondary or post-secondary education,1500.0,3,6,3,8,7
18098,1,M,41,Full-time,long term,39,Upper secondary or post-secondary education,1700.0,2,4,3,3,8
18100,4,M,48,Full-time,long term,35,Upper secondary or post-secondary education,2700.0,2,11,5,11,9
18101,3,F,49,Part-time,long term,8,Upper secondary or post-secondary education,350.0,2,11,3,12,8
18102,3,F,42,Full-time,long term,35,Upper secondary or post-secondary education,1240.0,3,5,2,4,10
18103,2,M,54,Full-time,long term,18,Tertiary education,2200.0,2,8,5,14,8
18104,3,M,51,Full-time,long term,35,Upper secondary or post-secondary education,1100.0,2,5,3,6,7
18105,4,M,52,Full-time,long term,39,Upper secondary or post-secondary education,1550.0,3,9,3,7,9
18107,2,M,50,Full-time,long term,35,Tertiary education,2600.0,2,12,4,14,9
18108,4,F,49,Part-time,long term,32,Upper secondary or post-secondary education,1550.0,2,12,5,10,9
18109,4,M,45,Full-time,long term,35,Upper secondary or post-secondary education,1350.0,2,6,4,12,9
18110,1,F,26,Full-time,long term,39,Upper secondary or post-secondary education,1250.0,4,3,2,3,9
18112,4,M,32,Full-time,long term,60,Upper secondary or post-secondary education,1920.0,2,3,1,14,4
18113,1,M,25,Full-time,long term,35,Upper secondary or post-secondary education,1131.0,2,13,5,12,10
18114,2,M,55,Full-time,long term,37,Upper secondary or post-secondary education,1400.0,2,10,4,14,8
18115,3,M,29,Full-time,short term,35,Tertiary education,1100.0,1,10,5,8,10
18117,4,M,43,Full-time,long term,18,Tertiary education,1800.0,3,11,3,14,9
18118,2,M,63,Part-time,long term,18,Upper secondary or post-secondary education,650.0,2,5,4,14,10
18119,3,F,45,Part-time,short term,20,Primary or lower secondary education,600.0,1,12,5,14,10
18121,2,M,24,Full-time,short term,35,Upper secondary or post-secondary education,1100.0,3,6,3,5,8
18123,3,F,46,Full-time,long term,40,Tertiary education,1950.0,2,11,3,4,9
18125,1,M,58,Full-time,long term,37,Tertiary education,1500.0,3,3,3,2,10
18127,6,F,49,Part-time,long term,17,Primary or lower secondary education,450.0,2,10,5,2,10
18128,2,F,55,Full-time,long term,35,Upper secondary or post-secondary education,1700.0,1,12,4,11,8
18129,2,F,55,Part-time,long term,20,Primary or lower secondary education,700.0,1,7,4,9,10
18130,2,M,23,Full-time,long term,35,Upper secondary or post-secondary education,1070.0,3,10,3,9,9
18131,3,F,32,Full-time,long term,35,Tertiary education,1700.0,2,10,5,5,9
18132,4,M,50,Full-time,long term,35,Upper secondary or post-secondary education,1800.0,2,11,3,12,8
18133,1,M,29,Full-time,long term,55,Tertiary education,2400.0,1,11,3,11,9
18134,5,M,36,Full-time,long term,55,Tertiary education,2600.0,3,15,4,10,7
18135,4,F,47,Full-time,long term,35,Upper secondary or post-secondary education,1300.0,2,11,3,10,9
18136,2,M,41,Full-time,short term,33,Upper secondary or post-secondary education,2000.0,1,10,4,14,9
18137,2,F,24,Full-time,short term,35,Upper secondary or post-secondary education,1175.0,2,13,2,7,8
18138,2,M,45,Full-time,long term,35,Upper secondary or post-secondary education,1700.0,2,12,4,8,8
18139,3,M,61,Part-time,long term,35,Tertiary education,2000.0,2,7,4,14,10
18140,5,M,43,Full-time,long term,24,Tertiary education,2000.0,2,9,4,14,9
18141,4,F,48,Full-time,long term,36,Tertiary education,2500.0,3,8,4,9,8
18142,6,F,44,Full-time,long term,45,Tertiary education,2300.0,2,11,3,7,10
18143,1,M,25,Full-time,long term,18,Tertiary education,1780.0,1,7,4,4,8
18145,2,M,60,Full-time,long term,50,Tertiary education,6500.0,3,13,4,6,9
18146,2,F,58,Part-time,long term,16,Upper secondary or post-secondary education,540.0,1,12,4,14,9
18147,3,F,42,Full-time,long term,35,Upper secondary or post-secondary education,1200.0,2,11,5,14,7
18148,3,F,40,Full-time,short term,39,Upper secondary or post-secondary education,1400.0,2,7,4,10,10
18149,2,F,41,Full-time,long term,36,Upper secondary or post-secondary education,1328.0,4,8,5,7,9
18150,1,M,51,Full-time,long term,42,Upper secondary or post-secondary education,3000.0,2,10,4,12,9
18151,2,M,55,Full-time,long term,40,Upper secondary or post-secondary education,12000.0,2,11,3,5,9
18152,2,F,48,Part-time,long term,37,Primary or lower secondary education,2500.0,2,13,5,13,10
18153,2,F,29,Full-time,long term,40,Tertiary education,1900.0,2,13,4,4,8
18155,2,M,59,Full-time,long term,40,Upper secondary or post-secondary education,4800.0,2,9,4,12,8
18156,1,F,27,Full-time,long term,35,Tertiary education,1800.0,2,13,4,10,8
18157,3,F,32,Part-time,long term,20,Tertiary education,2100.0,2,9,4,14,9
18158,5,M,35,Full-time,long term,34,Tertiary education,1700.0,2,3,1,3,7
18160,2,F,53,Full-time,long term,25,Upper secondary or post-secondary education,1360.0,1,7,5,14,10
18161,4,F,28,Full-time,long term,35,Primary or lower secondary education,1183.0,3,4,4,4,6
18162,2,M,28,Full-time,short term,37,Primary or lower secondary education,2400.0,1,6,1,8,9
18167,3,F,26,Full-time,short term,39,Tertiary education,2300.0,2,12,4,10,9
18168,2,M,39,Full-time,long term,35,Tertiary education,1500.0,2,3,4,13,10
18172,7,F,40,Part-time,short term,27,Upper secondary or post-secondary education,800.0,2,6,2,9,8
18173,7,F,20,Full-time,short term,32,Tertiary education,630.0,1,11,5,14,10
18174,4,F,39,Full-time,short term,39,Tertiary education,1400.0,2,12,5,13,10
18175,2,M,32,Full-time,long term,35,Upper secondary or post-secondary education,2000.0,2,12,5,11,10
18176,2,F,59,Full-time,long term,15,Primary or lower secondary education,1600.0,2,5,5,14,10
18182,4,M,40,Full-time,long term,50,Tertiary education,3100.0,3,4,3,4,5
18184,4,F,32,Part-time,long term,12,Tertiary education,2036.0,2,10,4,14,9
18187,1,F,47,Full-time,short term,35,Tertiary education,1300.0,2,13,5,14,9
18188,1,M,34,Full-time,long term,50,Tertiary education,2600.0,4,7,2,4,5
18189,1,M,24,Part-time,short term,16,Tertiary education,2200.0,2,14,5,7,10
18190,2,F,55,Full-time,long term,40,Tertiary education,2500.0,2,7,5,14,8
18191,1,M,60,Full-time,long term,40,Tertiary education,4300.0,1,14,5,7,9
18192,1,M,34,Full-time,short term,40,Tertiary education,1400.0,4,3,3,4,6
18194,2,F,32,Part-time,long term,32,Upper secondary or post-secondary education,1200.0,2,13,5,7,9
18197,3,F,33,Full-time,long term,35,Upper secondary or post-secondary education,1200.0,2,11,5,2,10
18198,2,M,52,Full-time,long term,40,Upper secondary or post-secondary education,2800.0,3,7,5,2,8
18199,1,M,48,Full-time,long term,38,Tertiary education,1550.0,2,10,5,10,8
18200,1,M,36,Full-time,short term,42,Upper secondary or post-secondary education,1400.0,4,7,5,4,8
18202,1,M,56,Full-time,long term,40,Upper secondary or post-secondary education,1600.0,4,4,4,2,7
18203,4,F,36,Full-time,short term,35,Upper secondary or post-secondary education,1600.0,1,12,5,14,10
18204,2,M,45,Full-time,long term,39,Upper secondary or post-secondary education,1100.0,2,9,3,2,9
18205,3,F,43,Full-time,long term,48,Tertiary education,1600.0,2,9,4,14,10
18206,4,F,37,Part-time,long term,40,Tertiary education,1800.0,3,5,2,3,9
18207,4,M,35,Full-time,long term,37,Upper secondary or post-secondary education,2200.0,2,8,3,8,5
18208,2,F,56,Part-time,long term,28,Upper secondary or post-secondary education,1600.0,4,4,4,4,10
18209,4,F,42,Full-time,long term,36,Upper secondary or post-secondary education,1150.0,2,8,4,8,9
18210,3,F,38,Full-time,long term,40,Tertiary education,2500.0,2,11,4,11,9
18211,2,F,55,Full-time,short term,35,Upper secondary or post-secondary education,1400.0,2,10,3,14,9
18212,2,F,25,Full-time,long term,35,Tertiary education,1600.0,3,9,4,8,9
18213,4,M,23,Full-time,long term,35,Tertiary education,1400.0,1,12,5,4,9
18214,4,M,46,Full-time,long term,35,Tertiary education,1300.0,2,6,3,7,8
18215,6,M,44,Full-time,short term,40,Upper secondary or post-secondary education,1500.0,2,14,5,11,10
18216,3,M,34,Full-time,short term,38,Upper secondary or post-secondary education,2200.0,2,15,5,2,8
18217,1,M,52,Full-time,long term,35,Tertiary education,1800.0,3,13,5,14,10
18221,2,F,57,Part-time,long term,30,Upper secondary or post-secondary education,1800.0,2,7,4,14,6
18222,3,F,50,Part-time,short term,22,Primary or lower secondary education,600.0,2,7,5,2,10
18223,2,M,49,Full-time,long term,35,Upper secondary or post-secondary education,3000.0,2,13,4,5,10
18224,2,F,59,Part-time,long term,8,Upper secondary or post-secondary education,300.0,1,8,1,14,10
18225,2,F,52,Full-time,long term,35,Upper secondary or post-secondary education,2200.0,3,9,3,11,8
18227,4,F,44,Full-time,long term,35,Upper secondary or post-secondary education,1400.0,3,11,5,13,8
18228,3,M,32,Full-time,long term,35,Upper secondary or post-secondary education,1550.0,2,9,3,6,6
18229,3,F,34,Full-time,long term,42,Tertiary education,2200.0,2,9,4,8,9
18230,4,F,47,Full-time,long term,42,Upper secondary or post-secondary education,1790.0,1,11,4,8,9
18231,4,F,27,Full-time,short term,50,Upper secondary or post-secondary education,1450.0,3,8,3,6,8
18232,4,M,37,Full-time,long term,40,Tertiary education,2000.0,2,12,4,12,8
18234,2,F,59,Part-time,long term,33,Tertiary education,2700.0,2,10,4,12,8
18237,1,F,64,Full-time,long term,39,Upper secondary or post-secondary education,1487.0,2,6,4,14,7
18238,3,F,40,Part-time,long term,7,Upper secondary or post-secondary education,203.0,2,8,4,12,10
18239,3,M,57,Full-time,long term,34,Upper secondary or post-secondary education,1100.0,1,8,1,14,9
18240,1,M,51,Full-time,long term,35,Tertiary education,2600.0,2,7,2,14,8
18241,3,F,30,Part-time,long term,35,Upper secondary or post-secondary education,1200.0,3,8,3,2,7
18242,2,F,51,Part-time,long term,34,Upper secondary or post-secondary education,1300.0,3,9,3,11,8
18243,2,F,45,Full-time,long term,55,Upper secondary or post-secondary education,1500.0,4,13,4,11,8
18244,4,F,45,Full-time,long term,35,Upper secondary or post-secondary education,1100.0,2,7,3,4,9
18245,2,F,27,Part-time,short term,30,Tertiary education,1700.0,2,8,4,10,7
18248,1,M,35,Full-time,long term,35,Tertiary education,2900.0,3,11,4,12,7
18252,1,F,46,Full-time,long term,30,Tertiary education,2200.0,2,7,4,11,8
18253,1,M,27,Full-time,short term,50,Tertiary education,2600.0,2,9,4,4,7
18256,1,M,45,Full-time,long term,42,Tertiary education,2900.0,2,12,4,10,8
18260,5,M,40,Full-time,long term,37,Upper secondary or post-secondary education,1400.0,2,15,5,2,10
18261,8,F,21,Full-time,short term,24,Upper secondary or post-secondary education,675.0,3,9,5,13,10
18262,6,F,51,Part-time,long term,5,Primary or lower secondary education,1050.0,2,9,5,6,10
18264,3,F,41,Full-time,long term,35,Tertiary education,2500.0,2,10,4,8,8
18265,5,F,42,Part-time,long term,30,Tertiary education,2000.0,2,9,5,10,7
18267,4,M,34,Full-time,long term,35,Upper secondary or post-secondary education,1350.0,2,12,5,14,10
18269,6,M,40,Full-time,long term,40,Tertiary education,5000.0,2,11,4,12,8
18270,3,F,999,Full-time,long term,35,Primary or lower secondary education,1000.0,3,7,2,11,6
18271,4,F,21,Part-time,short term,8,Tertiary education,380.0,1,15,5,12,9
18273,3,F,42,Full-time,long term,55,Tertiary education,5000.0,4,11,4,3,7
18275,1,M,50,Full-time,long term,40,Tertiary education,2650.0,4,7,3,11,5
18277,4,F,45,Full-time,long term,30,Tertiary education,3800.0,1,9,4,14,6
18279,3,M,48,Full-time,long term,45,Tertiary education,5200.0,2,12,4,12,8
18281,2,F,32,Full-time,short term,40,Tertiary education,2200.0,3,9,4,2,9
18284,4,M,42,Full-time,long term,35,Upper secondary or post-secondary education,2600.0,2,4,2,4,7
18285,2,M,44,Full-time,long term,35,Upper secondary or post-secondary education,2345.0,3,9,3,9,8
18287,2,M,46,Full-time,short term,35,Primary or lower secondary education,1200.0,2,7,4,11,10
18288,3,F,41,Full-time,long term,35,Tertiary education,1867.0,3,11,3,10,8
18289,2,M,52,Full-time,long term,48,Tertiary education,5000.0,2,12,3,11,8
18290,3,F,42,Full-time,long term,45,Tertiary education,2000.0,2,8,4,4,8
18291,1,F,56,Full-time,long term,40,Tertiary education,4500.0,2,8,4,12,8
18294,3,M,30,Full-time,long term,55,Tertiary education,3400.0,2,12,4,4,8
18295,1,M,24,Full-time,long term,43,Tertiary education,1890.0,2,12,5,9,8
18296,2,F,61,Full-time,long term,7,Upper secondary or post-secondary education,1400.0,3,9,2,4,9
18297,1,M,57,Full-time,long term,35,Primary or lower secondary education,2000.0,2,8,4,8,8
18298,2,M,51,Full-time,long term,35,Upper secondary or post-secondary education,2300.0,2,8,5,13,8
18299,3,M,59,Full-time,long term,12,Tertiary education,2300.0,2,7,4,5,7
18300,2,M,47,Full-time,long term,40,Tertiary education,5000.0,2,15,5,14,10
18301,1,F,42,Part-time,long term,30,Upper secondary or post-secondary education,1600.0,1,14,5,13,10
18302,3,F,45,Full-time,long term,42,Upper secondary or post-secondary education,2800.0,3,11,5,4,8
18303,4,F,35,Full-time,long term,50,Tertiary education,5000.0,2,13,4,11,8
18305,4,M,26,Part-time,short term,23,Tertiary education,700.0,2,11,5,4,10
18307,1,F,49,Full-time,long term,45,Tertiary education,2200.0,3,9,4,5,9
18308,2,F,58,Full-time,long term,50,Tertiary education,3400.0,2,12,2,4,10
18309,3,M,53,Full-time,long term,32,Tertiary education,2350.0,2,10,3,12,7
18310,2,M,31,Full-time,short term,38,Tertiary education,2500.0,1,8,5,10,8
18311,3,F,52,Full-time,long term,30,Tertiary education,1400.0,1,6,5,14,8
18312,2,M,39,Full-time,long term,50,Tertiary education,3500.0,2,12,4,11,6
18313,2,F,53,Full-time,long term,50,Tertiary education,5000.0,3,13,4,13,6
18314,2,M,59,Full-time,long term,45,Upper secondary or post-secondary education,3500.0,2,11,4,8,8
18315,3,F,27,Full-time,long term,27,Tertiary education,1690.0,3,11,3,9,9
18316,2,F,33,Full-time,long term,45,Tertiary education,2600.0,2,12,4,9,9
18317,2,M,46,Full-time,long term,45,Tertiary education,2800.0,3,11,4,2,8
18318,3,F,61,Part-time,short term,28,Tertiary education,1200.0,4,8,2,9,6
18319,3,F,38,Full-time,long term,35,Tertiary education,1900.0,2,6,2,14,10
18320,4,M,41,Part-time,short term,20,Upper secondary or post-secondary education,900.0,2,10,5,14,10
18321,2,F,44,Full-time,long term,37,Tertiary education,2100.0,1,14,5,14,10
18325,1,F,54,Full-time,long term,35,Upper secondary or post-secondary education,1200.0,3,9,2,9,10
18326,3,M,53,Full-time,long term,35,Primary or lower secondary education,1500.0,3,9,3,12,8
18329,2,M,56,Full-time,long term,55,Tertiary education,7000.0,2,12,4,4,8
18331,1,M,25,Full-time,short term,35,Upper secondary or post-secondary education,1200.0,2,15,5,12,10
18332,3,F,41,Full-time,long term,50,Tertiary education,2300.0,3,7,2,2,7
18333,3,M,45,Full-time,long term,50,Primary or lower secondary education,2200.0,2,9,4,10,10
18335,1,M,37,Full-time,short term,39,Tertiary education,2000.0,3,3,4,8,6
18336,1,M,30,Part-time,long term,24,Upper secondary or post-secondary education,800.0,2,5,1,14,9
18337,1,F,25,Full-time,short term,37,Tertiary education,1300.0,1,9,4,9,8
18338,5,M,40,Full-time,long term,35,Upper secondary or post-secondary education,1200.0,2,14,4,7,10
18339,2,F,56,Full-time,long term,55,Tertiary education,5000.0,3,13,2,3,9
18340,3,F,22,Full-time,long term,35,Primary or lower secondary education,1400.0,3,7,4,2,7
18341,3,M,29,Full-time,long term,48,Tertiary education,4000.0,2,12,4,6,9
18342,2,F,29,Full-time,long term,40,Tertiary education,2100.0,2,10,5,12,9
18343,4,F,41,Part-time,long term,32,Tertiary education,2000.0,3,9,3,13,8
18344,4,F,47,Full-time,long term,48,Tertiary education,4600.0,2,9,4,6,8
18345,3,F,25,Part-time,long term,30,Tertiary education,3000.0,2,11,4,11,10
18346,3,F,28,Full-time,long term,38,Tertiary education,1850.0,1,8,4,10,7
18347,1,M,46,Full-time,long term,35,Tertiary education,1450.0,2,8,1,8,8
18348,3,M,58,Full-time,long term,39,Primary or lower secondary education,3100.0,3,10,5,12,10
18350,5,F,33,Part-time,long term,39,Tertiary education,2500.0,2,12,3,12,10
18352,4,F,32,Full-time,long term,37,Tertiary education,3500.0,2,9,3,11,9
18355,3,F,32,Full-time,long term,35,Tertiary education,1450.0,3,8,4,11,8
18356,3,F,40,Full-time,long term,35,Upper secondary or post-secondary education,1500.0,3,13,3,8,9
18357,2,F,26,Full-time,long term,10,Tertiary education,1850.0,2,12,4,7,8
18361,2,F,51,Full-time,long term,39,Tertiary education,2000.0,2,10,3,12,9
18363,4,M,22,Full-time,short term,35,Tertiary education,1400.0,1,10,4,10,8
18364,3,F,53,Part-time,long term,32,Upper secondary or post-secondary education,1700.0,2,7,4,13,8
18366,4,F,35,Full-time,long term,50,Tertiary education,2900.0,4,8,4,7,8
18367,3,F,26,Part-time,long term,24,Upper secondary or post-secondary education,820.0,3,4,1,7,9
18369,3,M,48,Full-time,long term,36,Tertiary education,1300.0,3,13,4,11,9
18370,4,M,40,Full-time,long term,39,Upper secondary or post-secondary education,1800.0,2,11,3,7,8
18372,5,F,42,Full-time,long term,35,Tertiary education,1900.0,2,10,4,4,8
18375,5,M,37,Full-time,long term,45,Tertiary education,3600.0,2,5,1,12,7
18377,2,F,50,Full-time,long term,37,Upper secondary or post-secondary education,2000.0,2,10,4,9,8
18378,3,M,57,Full-time,long term,35,Tertiary education,1300.0,2,8,3,11,7
18379,4,M,53,Full-time,long term,40,Tertiary education,2700.0,2,13,4,12,8
18380,5,F,47,Full-time,long term,45,Tertiary education,4200.0,2,9,4,12,7
18381,4,M,48,Full-time,long term,40,Tertiary education,5500.0,2,10,4,11,5
18382,4,F,36,Full-time,long term,37,Upper secondary or post-secondary education,1350.0,2,9,4,8,7
18383,4,M,38,Full-time,long term,50,Tertiary education,4500.0,1,10,4,12,7
18384,1,F,31,Full-time,long term,40,Tertiary education,1900.0,2,11,5,7,9
18385,3,F,48,Full-time,long term,25,Tertiary education,1800.0,3,10,3,7,8
18386,1,F,29,Part-time,short term,3,Tertiary education,300.0,2,13,5,8,6
18387,4,M,33,Full-time,long term,40,Tertiary education,3000.0,2,12,4,12,8
18388,4,F,39,Full-time,long term,45,Upper secondary or post-secondary education,1600.0,3,8,5,3,10
18389,5,M,54,Full-time,long term,35,Tertiary education,2200.0,2,12,4,9,10
18390,4,M,58,Full-time,long term,39,Primary or lower secondary education,2500.0,2,9,4,8,9
18391,1,F,47,Full-time,long term,40,Upper secondary or post-secondary education,2600.0,2,11,5,11,10
18394,6,F,35,Part-time,long term,24,Primary or lower secondary education,700.0,1,5,5,14,8
18395,1,F,48,Full-time,long term,35,Upper secondary or post-secondary education,1400.0,2,12,5,4,10
18396,3,M,21,Full-time,long term,45,Upper secondary or post-secondary education,1440.0,3,7,2,5,9
18397,2,M,29,Full-time,long term,36,Tertiary education,2050.0,2,5,3,2,9
18399,4,M,53,Full-time,long term,42,Tertiary education,4500.0,2,10,5,8,8
18400,1,M,36,Full-time,long term,35,Tertiary education,2100.0,1,11,3,12,10
18401,2,M,59,Full-time,long term,38,Upper secondary or post-secondary education,3100.0,2,10,4,6,10
18402,4,F,45,Full-time,long term,37,Upper secondary or post-secondary education,1950.0,2,12,5,7,8
18403,4,F,40,Full-time,long term,44,Tertiary education,4000.0,2,10,4,11,7
18404,4,F,44,Full-time,long term,27,Tertiary education,2350.0,2,11,5,13,9
18405,4,F,41,Part-time,short term,20,Tertiary education,600.0,2,11,5,14,9
18406,4,F,46,Full-time,long term,35,Upper secondary or post-secondary education,2150.0,2,7,1,6,10
18407,5,M,38,Full-time,long term,35,Upper secondary or post-secondary education,1550.0,2,7,3,11,8
18408,1,M,33,Full-time,long term,40,Tertiary education,1700.0,2,8,4,11,10
18409,4,F,47,Full-time,long term,40,Tertiary education,3250.0,2,13,2,2,9
18410,3,F,49,Full-time,long term,36,Upper secondary or post-secondary education,935.0,2,9,5,10,9
18412,5,M,50,Full-time,long term,42,Upper secondary or post-secondary education,2100.0,1,10,4,4,8
18413,4,F,30,Full-time,short term,35,Upper secondary or post-secondary education,1380.0,1,6,5,3,8
18414,1,M,33,Full-time,long term,40,Upper secondary or post-secondary education,1850.0,3,3,3,9,7
18415,2,M,57,Full-time,long term,40,Upper secondary or post-secondary education,1980.0,2,15,5,2,10
18416,2,M,25,Full-time,long term,38,Upper secondary or post-secondary education,1300.0,2,8,3,8,9
18417,4,M,42,Full-time,long term,38,Upper secondary or post-secondary education,1850.0,2,11,3,6,9
18418,2,M,52,Full-time,long term,35,Upper secondary or post-secondary education,1400.0,2,9,5,14,10
18421,4,M,39,Full-time,long term,38,Tertiary education,1140.0,3,6,3,4,8
18422,4,M,42,Full-time,long term,50,Tertiary education,3700.0,1,15,5,12,9
18424,2,M,58,Full-time,long term,44,Primary or lower secondary education,2100.0,2,13,3,12,9
18426,4,M,30,Part-time,long term,35,Upper secondary or post-secondary education,1630.0,2,12,3,14,9
18428,2,F,21,Full-time,short term,35,Upper secondary or post-secondary education,930.0,1,4,3,9,10
18429,3,M,30,Full-time,short term,38,Upper secondary or post-secondary education,1327.0,4,9,4,2,8
18431,1,M,56,Part-time,long term,37,Tertiary education,2000.0,1,8,1,14,9
18432,1,F,32,Full-time,short term,39,Tertiary education,2000.0,2,10,4,12,9
18433,6,M,31,Full-time,long term,35,Upper secondary or post-secondary education,1900.0,2,6,5,5,8
18434,2,M,54,Full-time,long term,35,Upper secondary or post-secondary education,1780.0,3,7,3,7,5
18437,3,M,51,Full-time,long term,40,Tertiary education,3000.0,2,13,5,10,8
18438,5,F,50,Full-time,long term,42,Upper secondary or post-secondary education,1870.0,2,6,4,5,8
18439,3,M,42,Full-time,long term,45,Upper secondary or post-secondary education,2200.0,2,3,2,6,9
18441,2,F,41,Part-time,long term,25,Upper secondary or post-secondary education,312.0,1,12,5,14,10
18442,2,F,60,Part-time,long term,26,Upper secondary or post-secondary education,1355.0,4,6,2,14,5
18445,1,M,46,Full-time,long term,50,Tertiary education,1900.0,2,10,4,6,8
18446,1,M,39,Full-time,long term,35,Upper secondary or post-secondary education,1320.0,3,11,5,10,8
18449,1,M,31,Full-time,long term,39,Tertiary education,1850.0,2,10,5,11,9
18450,1,M,41,Full-time,long term,35,Tertiary education,1160.0,2,9,4,4,10
18451,2,M,69,Full-time,long term,39,Primary or lower secondary education,3000.0,2,6,5,14,10
18454,3,F,41,Full-time,short term,35,Upper secondary or post-secondary education,1001.0,2,6,3,5,8
18455,2,M,29,Full-time,long term,35,Upper secondary or post-secondary education,3500.0,1,12,2,7,10
18457,5,M,51,Full-time,long term,35,Primary or lower secondary education,1350.0,1,5,5,12,10
18458,4,M,45,Part-time,short term,25,Primary or lower secondary education,800.0,4,6,1,4,7
18459,2,M,19,Part-time,short term,25,Upper secondary or post-secondary education,600.0,2,8,4,14,8
18460,2,F,42,Full-time,long term,45,Tertiary education,2500.0,1,8,3,5,9
18463,3,F,31,Full-time,long term,40,Primary or lower secondary education,1600.0,2,15,2,12,8
18464,3,M,35,Full-time,long term,35,Upper secondary or post-secondary education,1470.0,1,12,5,12,10
18466,4,M,34,Full-time,long term,45,Tertiary education,3000.0,2,12,3,8,9
18467,3,F,38,Full-time,long term,35,Upper secondary or post-secondary education,1100.0,2,3,5,10,6
18468,4,M,52,Part-time,short term,30,Primary or lower secondary education,218.0,2,6,5,4,6
18469,1,M,35,Full-time,short term,35,Upper secondary or post-secondary education,1535.0,2,10,4,6,9
18470,3,F,35,Full-time,long term,35,Upper secondary or post-secondary education,1300.0,3,3,4,8,8
18471,1,F,53,Part-time,long term,16,Upper secondary or post-secondary education,1500.0,4,3,1,3,2
18473,4,M,29,Full-time,long term,35,Upper secondary or post-secondary education,1180.0,2,9,4,6,7
18475,3,M,18,Full-time,long term,35,Primary or lower secondary education,600.0,3,3,4,12,8
18478,1,F,52,Full-time,long term,37,Upper secondary or post-secondary education,1700.0,2,5,1,7,9
18479,2,M,46,Full-time,long term,50,Upper secondary or post-secondary education,2200.0,3,7,4,5,8
18481,1,F,46,Full-time,long term,21,Tertiary education,2500.0,2,8,5,14,8
18482,2,F,60,Part-time,long term,3,Tertiary education,1850.0,2,8,3,14,10
18484,2,F,51,Full-time,long term,21,Tertiary education,2500.0,2,12,4,14,8
18485,1,F,58,Part-time,short term,14,Tertiary education,1100.0,1,14,5,14,10
18486,5,M,28,Full-time,short term,35,Upper secondary or post-secondary education,1300.0,1,4,4,3,10
18487,3,F,33,Full-time,long term,35,Tertiary education,1600.0,2,8,4,2,8
18490,4,F,31,Full-time,long term,42,Upper secondary or post-secondary education,1200.0,2,15,5,2,10
18491,2,M,51,Full-time,long term,40,Upper secondary or post-secondary education,1400.0,2,4,4,2,10
18492,1,M,38,Full-time,long term,36,Upper secondary or post-secondary education,1478.0,2,11,5,10,10
18494,2,F,42,Full-time,long term,35,Upper secondary or post-secondary education,1100.0,3,5,4,13,8
18495,3,M,22,Full-time,short term,40,Upper secondary or post-secondary education,1500.0,2,12,5,14,10
18496,4,M,34,Full-time,long term,40,Upper secondary or post-secondary education,1470.0,2,10,3,10,8
18498,4,F,37,Full-time,long term,40,Primary or lower secondary education,1000.0,2,6,3,5,8
18499,6,M,46,Full-time,short term,35,Upper secondary or post-secondary education,1112.0,3,10,5,4,8
18501,4,F,28,Part-time,long term,28,Tertiary education,1650.0,2,8,5,9,9
18502,2,F,23,Full-time,long term,38,Tertiary education,1350.0,2,7,5,11,8
18504,2,F,46,Full-time,long term,35,Tertiary education,1860.0,2,6,4,8,9
18505,2,M,29,Full-time,long term,35,Upper secondary or post-secondary education,1300.0,3,9,4,2,6
18506,4,F,37,Full-time,long term,35,Upper secondary or post-secondary education,1450.0,2,11,5,10,9
18507,2,F,20,Part-time,short term,35,Primary or lower secondary education,750.0,1,9,5,8,8
18508,1,M,52,Full-time,long term,37,Upper secondary or post-secondary education,1900.0,2,10,4,12,8
18509,7,F,20,Part-time,short term,18,Upper secondary or post-secondary education,600.0,1,11,5,14,10
18511,3,F,49,Full-time,long term,38,Upper secondary or post-secondary education,1450.0,1,10,1,6,10
18512,1,M,48,Full-time,long term,40,Tertiary education,4000.0,3,12,4,11,6
18513,4,M,47,Full-time,long term,35,Upper secondary or post-secondary education,1280.0,2,9,3,2,10
18514,1,M,20,Full-time,long term,35,Upper secondary or post-secondary education,1400.0,2,3,4,12,10
18515,2,M,56,Full-time,long term,35,Upper secondary or post-secondary education,1700.0,1,12,5,11,10
18516,1,F,29,Full-time,short term,36,Tertiary education,1680.0,1,8,5,12,5
18517,2,F,19,Part-time,short term,18,Upper secondary or post-secondary education,700.0,2,3,3,11,9
18518,1,M,49,Full-time,long term,35,No education completed,1300.0,3,3,5,14,8
18520,4,M,57,Full-time,long term,40,Primary or lower secondary education,2600.0,2,4,3,12,9
18521,3,F,19,Part-time,short term,18,Tertiary education,3000.0,2,5,4,14,8
18523,4,M,43,Full-time,long term,40,Tertiary education,4000.0,3,11,4,6,8
18524,4,F,50,Full-time,long term,35,Tertiary education,3500.0,2,12,4,11,10
18525,5,M,47,Full-time,long term,35,Tertiary education,3200.0,3,4,4,12,9
18526,3,M,38,Full-time,long term,35,Primary or lower secondary education,1200.0,3,3,4,4,7
18527,2,M,52,Full-time,long term,40,Upper secondary or post-secondary education,1800.0,2,6,4,12,9
18529,4,F,33,Full-time,long term,35,Upper secondary or post-secondary education,1300.0,2,13,3,12,10
18531,3,F,30,Full-time,long term,38,Tertiary education,1350.0,2,13,3,12,7
18532,2,F,51,Full-time,long term,40,Upper secondary or post-secondary education,1800.0,2,11,5,7,9
18534,4,M,39,Full-time,long term,35,Tertiary education,2000.0,2,12,5,4,8
18536,2,F,26,Full-time,long term,39,Upper secondary or post-secondary education,1800.0,2,7,5,11,10
18538,3,M,27,Full-time,long term,35,Upper secondary or post-secondary education,1600.0,3,4,2,5,5
18539,4,F,20,Full-time,short term,35,Upper secondary or post-secondary education,1100.0,1,11,5,12,10
18540,3,F,48,Part-time,long term,18,Upper secondary or post-secondary education,600.0,2,10,1,9,9
18544,2,F,36,Full-time,long term,35,Tertiary education,2400.0,2,11,5,12,10
18545,4,F,42,Full-time,long term,40,Upper secondary or post-secondary education,1080.0,2,13,5,11,10
18547,2,F,24,Part-time,short term,25,Tertiary education,900.0,3,6,4,13,7
18549,3,F,45,Full-time,long term,25,Tertiary education,880.0,2,13,4,3,8
18550,2,F,30,Full-time,short term,39,Upper secondary or post-secondary education,1350.0,2,5,2,9,7
18553,5,M,22,Part-time,short term,12,Tertiary education,400.0,1,3,3,5,4
18557,1,F,60,Full-time,long term,38,Tertiary education,3800.0,3,7,3,9,8
18558,4,M,36,Full-time,short term,36,Upper secondary or post-secondary education,1395.0,3,13,5,6,9
18559,1,F,50,Full-time,long term,41,Upper secondary or post-secondary education,2000.0,2,9,4,4,9
18561,4,F,54,Full-time,long term,45,Tertiary education,2800.0,3,8,3,6,9
18562,4,M,40,Full-time,long term,40,Tertiary education,1800.0,2,3,5,12,7
18563,4,F,47,Part-time,long term,30,Primary or lower secondary education,860.0,2,7,2,12,10
18566,3,M,48,Full-time,long term,38,Upper secondary or post-secondary education,2200.0,4,5,3,8,6
18567,5,F,48,Full-time,short term,45,Tertiary education,1497.0,2,5,5,6,10
18568,1,M,57,Full-time,long term,40,Tertiary education,3200.0,3,11,5,11,8
18569,2,F,42,Part-time,long term,25,Tertiary education,900.0,3,7,3,8,6
18570,2,F,55,Full-time,long term,45,Tertiary education,3000.0,2,11,4,4,8
18571,2,M,27,Full-time,long term,39,Tertiary education,2500.0,2,12,4,9,8
18572,4,M,42,Full-time,long term,39,Upper secondary or post-secondary education,2500.0,1,12,4,14,8
18573,5,M,51,Full-time,long term,39,Tertiary education,5000.0,2,11,5,12,8
18574,1,F,55,Full-time,long term,45,Tertiary education,5000.0,2,9,3,12,8
18576,3,M,42,Full-time,long term,35,Tertiary education,2200.0,2,9,4,9,8
18577,4,F,35,Full-time,long term,39,Tertiary education,1800.0,2,5,4,8,4
18578,4,F,52,Full-time,long term,35,Upper secondary or post-secondary education,1700.0,2,12,5,12,10
18581,4,M,40,Full-time,long term,80,Tertiary education,35000.0,4,12,4,2,7
18582,2,M,26,Full-time,long term,36,Tertiary education,1900.0,1,13,4,11,9
18587,1,M,60,Full-time,long term,45,Upper secondary or post-secondary education,4500.0,2,10,1,10,8
18588,1,M,26,Part-time,short term,26,Tertiary education,800.0,2,3,5,10,10
18589,4,M,36,Full-time,long term,40,Upper secondary or post-secondary education,2000.0,2,10,4,14,10
18591,4,M,35,Full-time,long term,40,Tertiary education,2300.0,3,14,5,12,5
18592,3,F,25,Part-time,long term,24,Upper secondary or post-secondary education,800.0,4,5,4,3,5
18593,1,M,50,Full-time,long term,37,Upper secondary or post-secondary education,2200.0,2,11,4,10,8
18594,5,F,28,Full-time,long term,35,Tertiary education,2300.0,1,15,4,9,10
18596,1,M,51,Full-time,long term,40,Tertiary education,3500.0,2,9,4,13,6
18597,5,M,39,Part-time,short term,15,Tertiary education,300.0,2,13,5,7,8
18598,4,M,34,Full-time,long term,45,Tertiary education,3200.0,3,10,3,4,6
18599,1,F,47,Full-time,long term,30,Tertiary education,3600.0,4,9,3,10,5
18601,3,M,55,Full-time,long term,42,Tertiary education,4000.0,2,13,4,14,9
18603,4,M,23,Part-time,short term,36,Upper secondary or post-secondary education,1190.0,3,4,3,8,5
18604,5,M,42,Full-time,long term,39,Upper secondary or post-secondary education,2300.0,2,8,4,2,9
18605,1,M,58,Full-time,long term,39,Tertiary education,2900.0,1,12,4,11,9
18607,5,F,21,Part-time,short term,28,Tertiary education,1200.0,3,10,3,7,10
18608,4,M,50,Full-time,long term,39,Upper secondary or post-secondary education,2400.0,2,15,5,5,9
18610,2,F,56,Part-time,long term,12,Upper secondary or post-secondary education,500.0,1,6,5,2,10
18611,3,M,63,Full-time,long term,39,Tertiary education,2200.0,2,11,3,10,8
18612,4,M,61,Full-time,long term,42,Upper secondary or post-secondary education,1058.0,2,10,4,2,10
18613,1,M,26,Full-time,long term,37,Tertiary education,2200.0,2,9,4,9,9
18614,3,F,41,Full-time,long term,40,Upper secondary or post-secondary education,1800.0,2,10,3,11,8
18616,3,F,24,Full-time,short term,35,Tertiary education,1450.0,1,7,5,8,10
18617,1,M,36,Full-time,long term,60,Tertiary education,2400.0,4,9,3,12,6
18619,2,F,49,Full-time,long term,37,Upper secondary or post-secondary education,1360.0,3,4,2,14,10
18620,2,F,53,Full-time,long term,50,Tertiary education,1700.0,2,5,4,10,7
18621,3,F,32,Full-time,long term,40,Tertiary education,1900.0,2,10,4,11,7
18626,4,F,34,Full-time,short term,35,Tertiary education,1800.0,2,4,4,7,5
18627,2,F,59,Full-time,long term,35,Tertiary education,2800.0,2,10,4,14,7
18628,7,F,35,Part-time,long term,13,No education completed,400.0,3,3,3,9,10
18629,5,M,37,Full-time,long term,39,Upper secondary or post-secondary education,2200.0,2,9,5,7,10
18631,4,M,27,Full-time,long term,35,Upper secondary or post-secondary education,1800.0,2,15,5,2,10
18632,1,M,58,Full-time,long term,40,Tertiary education,3400.0,1,15,4,14,10
18636,3,F,40,Part-time,long term,35,Tertiary education,1700.0,2,10,5,4,9
18637,5,M,51,Full-time,long term,50,Tertiary education,1990.0,3,10,5,5,8
18638,6,F,34,Part-time,short term,20,Upper secondary or post-secondary education,2300.0,4,6,1,2,8
18639,2,M,27,Full-time,short term,40,Tertiary education,3400.0,3,10,5,10,6
18640,4,M,33,Full-time,long term,42,Tertiary education,1960.0,2,6,5,11,8
18642,2,F,38,Full-time,long term,39,Tertiary education,2700.0,1,12,5,9,10
18645,2,F,59,Full-time,long term,37,Tertiary education,1162.0,4,3,2,2,6
18646,4,M,50,Full-time,long term,35,Tertiary education,3000.0,1,8,4,10,8
18647,2,F,57,Full-time,long term,40,Upper secondary or post-secondary education,2400.0,2,11,4,8,8
18648,3,M,57,Full-time,long term,45,Tertiary education,6000.0,2,7,4,9,8
18650,1,F,48,Full-time,long term,45,Tertiary education,5000.0,2,13,3,10,8
18651,3,M,43,Full-time,long term,35,Tertiary education,1700.0,1,9,5,14,9
18652,3,M,36,Full-time,long term,39,Upper secondary or post-secondary education,2000.0,2,10,2,2,10
18654,4,M,44,Full-time,long term,39,Upper secondary or post-secondary education,1800.0,3,8,4,11,8
18655,2,M,57,Full-time,long term,38,Upper secondary or post-secondary education,3000.0,2,12,4,12,10
18657,5,M,52,Full-time,long term,50,Upper secondary or post-secondary education,2800.0,2,15,4,13,8
18659,3,F,30,Full-time,long term,40,Tertiary education,2100.0,1,13,4,4,8
18660,2,F,52,Full-time,long term,50,Tertiary education,2700.0,3,10,5,10,8
18661,3,M,43,Full-time,long term,39,Upper secondary or post-secondary education,2000.0,2,12,3,8,10
18663,3,F,54,Full-time,long term,16,Tertiary education,2800.0,1,10,4,3,9
18665,1,M,24,Full-time,long term,40,Tertiary education,2850.0,1,13,5,8,10
18666,2,M,21,Full-time,long term,35,Upper secondary or post-secondary education,1500.0,3,3,3,14,2
18668,2,F,50,Part-time,long term,20,Tertiary education,1900.0,3,3,2,2,2
18670,2,F,58,Full-time,long term,35,Upper secondary or post-secondary education,1980.0,3,8,5,14,8
18671,2,M,35,Full-time,long term,35,Tertiary education,1500.0,2,11,2,4,10
18672,2,M,32,Full-time,long term,35,Tertiary education,2600.0,3,11,3,3,5
18674,2,F,45,Full-time,long term,40,Tertiary education,1713.0,2,11,4,10,9
18675,6,M,46,Full-time,long term,36,Upper secondary or post-secondary education,1650.0,2,6,3,8,7
18676,1,M,33,Full-time,long term,40,Tertiary education,2400.0,2,8,3,8,4
18677,4,F,40,Full-time,long term,30,Tertiary education,1900.0,2,12,4,11,8
18678,1,M,34,Full-time,long term,35,Upper secondary or post-secondary education,2000.0,2,9,4,7,10
18682,3,M,48,Full-time,long term,42,Upper secondary or post-secondary education,2600.0,2,6,3,10,8
18683,3,F,40,Full-time,long term,45,Tertiary education,2000.0,2,13,5,3,9
18684,2,F,27,Full-time,long term,45,Tertiary education,1815.0,2,10,4,8,8
18685,6,M,45,Full-time,long term,45,Tertiary education,10000.0,1,13,4,9,8
18686,6,F,44,Part-time,long term,32,Tertiary education,4500.0,1,13,4,11,8
18687,2,M,28,Full-time,long term,21,Tertiary education,2000.0,2,12,4,11,6
18688,2,F,57,Full-time,long term,35,Upper secondary or post-secondary education,1500.0,3,8,3,4,8
18689,4,F,50,Full-time,long term,45,Primary or lower secondary education,3200.0,3,8,2,5,7
18692,4,F,30,Full-time,long term,40,Primary or lower secondary education,1500.0,1,15,5,14,10
18693,4,M,60,Full-time,long term,50,Tertiary education,3750.0,2,12,4,12,6
